piece,method,jitter_sigma,rot_deg,trans_norm,rmse,iterations,total_ms,cov_ms,gt_r00,gt_r01,gt_r02,gt_r10,gt_r11,gt_r12,gt_r20,gt_r21,gt_r22,gt_tx,gt_ty,gt_tz
Riedones3D_Registration_Benchmark/test/die_obverse_beard_0002b/L0002D.ply,icp,0,10,0,0.771188,20,4733.58,0,0.986461,-0.153858,-0.0567645,0.150327,0.986692,-0.0619725,0.065544,0.0526002,0.996462,0,0,0
Riedones3D_Registration_Benchmark/test/die_obverse_beard_0002b/L0002D.ply,gicp,0,10,0,3.04085e-15,7,8496.67,5412.36,0.986461,-0.153858,-0.0567645,0.150327,0.986692,-0.0619725,0.065544,0.0526002,0.996462,0,0,0
Riedones3D_Registration_Benchmark/test/die_obverse_beard_0002b/L0002D.ply,icp,0,10,0.005,0.429664,20,4624.8,0,0.994255,0.0631034,-0.086462,-0.0506321,0.988924,0.139521,0.0943086,-0.134342,0.986437,0.00150367,0.0044263,0.00177395
Riedones3D_Registration_Benchmark/test/die_obverse_beard_0002b/L0002D.ply,gicp,0,10,0.005,1.93999e-11,5,6040.99,5479.05,0.994255,0.0631034,-0.086462,-0.0506321,0.988924,0.139521,0.0943086,-0.134342,0.986437,0.00150367,0.0044263,0.00177395
Riedones3D_Registration_Benchmark/test/die_obverse_beard_0002b/L0002D.ply,icp,0,10,0.01,0.483835,20,5080.83,0,0.986204,-0.104882,-0.128068,0.111523,0.992705,0.0458196,0.122328,-0.05947,0.990706,-0.00390268,0.00877135,-0.00279866
Riedones3D_Registration_Benchmark/test/die_obverse_beard_0002b/L0002D.ply,gicp,0,10,0.01,1.05136e-12,6,7372.65,5467.52,0.986204,-0.104882,-0.128068,0.111523,0.992705,0.0458196,0.122328,-0.05947,0.990706,-0.00390268,0.00877135,-0.00279866
Riedones3D_Registration_Benchmark/test/die_obverse_beard_0002b/L0002D.ply,icp,0,50,0,1.02645,20,5721.42,0,0.705592,-0.227276,-0.671182,-0.0422648,0.931986,-0.360021,0.707357,0.282395,0.647997,0,0,0
Riedones3D_Registration_Benchmark/test/die_obverse_beard_0002b/L0002D.ply,gicp,0,50,0,4.17192e-15,9,12178.8,5475.51,0.705592,-0.227276,-0.671182,-0.0422648,0.931986,-0.360021,0.707357,0.282395,0.647997,0,0,0
Riedones3D_Registration_Benchmark/test/die_obverse_beard_0002b/L0002D.ply,icp,0,50,0.005,2.12152,20,5465.63,0,0.984505,0.147187,0.0953234,-0.168476,0.643119,0.747003,0.0486451,-0.751488,0.657951,-0.000801195,0.00381497,-0.00313115
Riedones3D_Registration_Benchmark/test/die_obverse_beard_0002b/L0002D.ply,gicp,0,50,0.005,6.63108e-12,13,16105.3,5474.34,0.984505,0.147187,0.0953234,-0.168476,0.643119,0.747003,0.0486451,-0.751488,0.657951,-0.000801195,0.00381497,-0.00313115
Riedones3D_Registration_Benchmark/test/die_obverse_beard_0002b/L0002D.ply,icp,0,50,0.01,1.13216,20,5886.6,0,0.645314,0.224513,-0.73018,-0.166636,0.97419,0.152271,0.745521,0.0234121,0.666071,-0.000137489,-0.00950501,0.00310418
Riedones3D_Registration_Benchmark/test/die_obverse_beard_0002b/L0002D.ply,gicp,0,50,0.01,5.09162e-13,11,14762,5482.14,0.645314,0.224513,-0.73018,-0.166636,0.97419,0.152271,0.745521,0.0234121,0.666071,-0.000137489,-0.00950501,0.00310418
Riedones3D_Registration_Benchmark/test/die_obverse_beard_0002b/L0002D.ply,icp,0,100,0,12.4932,20,8504.23,0,0.430802,0.737915,-0.519511,0.398783,0.360755,0.843106,0.809557,-0.570384,-0.138854,0,0,0
Riedones3D_Registration_Benchmark/test/die_obverse_beard_0002b/L0002D.ply,gicp,0,100,0,12.129,20,28438,5477.56,0.430802,0.737915,-0.519511,0.398783,0.360755,0.843106,0.809557,-0.570384,-0.138854,0,0,0
Riedones3D_Registration_Benchmark/test/die_obverse_beard_0002b/L0002D.ply,icp,0,100,0.005,11.7233,20,7062.2,0,-0.12853,-0.98981,0.0612907,0.91448,-0.142205,-0.37882,0.383676,0.00735946,0.923439,0.00387172,-0.0013502,-0.00286125
Riedones3D_Registration_Benchmark/test/die_obverse_beard_0002b/L0002D.ply,gicp,0,100,0.005,2.39407,20,26665.7,5485.17,-0.12853,-0.98981,0.0612907,0.91448,-0.142205,-0.37882,0.383676,0.00735946,0.923439,0.00387172,-0.0013502,-0.00286125
Riedones3D_Registration_Benchmark/test/die_obverse_beard_0002b/L0002D.ply,icp,0,100,0.01,11.3321,20,6255.53,0,0.267919,-0.798545,0.539023,0.755942,-0.172621,-0.631469,0.597303,0.576653,0.557406,-0.00738641,0.000488896,0.00672324
Riedones3D_Registration_Benchmark/test/die_obverse_beard_0002b/L0002D.ply,gicp,0,100,0.01,3.3539,20,26730.6,5802.98,0.267919,-0.798545,0.539023,0.755942,-0.172621,-0.631469,0.597303,0.576653,0.557406,-0.00738641,0.000488896,0.00672324
Riedones3D_Registration_Benchmark/test/die_obverse_beard_0002b/L0002D.ply,icp,0.0005,10,0,0.344233,20,5035.71,0,0.993049,0.0327891,0.113044,-0.0180099,0.991434,-0.129361,-0.116318,0.126426,0.985133,0,0,0
Riedones3D_Registration_Benchmark/test/die_obverse_beard_0002b/L0002D.ply,gicp,0.0005,10,0,0.000864322,6,7447.11,5494.64,0.993049,0.0327891,0.113044,-0.0180099,0.991434,-0.129361,-0.116318,0.126426,0.985133,0,0,0
Riedones3D_Registration_Benchmark/test/die_obverse_beard_0002b/L0002D.ply,icp,0.0005,10,0.005,0.394235,20,5056.8,0,0.985771,-0.0616215,-0.156392,0.0684487,0.996906,0.0386458,0.153527,-0.0488007,0.986939,-0.00122018,0.00124573,-0.00468608
Riedones3D_Registration_Benchmark/test/die_obverse_beard_0002b/L0002D.ply,gicp,0.0005,10,0.005,0.000864932,6,7554.56,5505.64,0.985771,-0.0616215,-0.156392,0.0684487,0.996906,0.0386458,0.153527,-0.0488007,0.986939,-0.00122018,0.00124573,-0.00468608
Riedones3D_Registration_Benchmark/test/die_obverse_beard_0002b/L0002D.ply,icp,0.0005,10,0.01,1.04031,20,4982.04,0,0.985289,0.170313,-0.0140819,-0.170669,0.984874,-0.0299382,0.00877004,0.0319011,0.999453,0.0060187,-0.00597611,-0.0052973
Riedones3D_Registration_Benchmark/test/die_obverse_beard_0002b/L0002D.ply,gicp,0.0005,10,0.01,0.0008656,7,8431.27,5475.25,0.985289,0.170313,-0.0140819,-0.170669,0.984874,-0.0299382,0.00877004,0.0319011,0.999453,0.0060187,-0.00597611,-0.0052973
Riedones3D_Registration_Benchmark/test/die_obverse_beard_0002b/L0002D.ply,icp,0.0005,50,0,0.847044,20,5763.92,0,0.942408,-0.111161,-0.315453,0.304745,0.674056,0.672889,0.137834,-0.730268,0.669111,0,0,0
Riedones3D_Registration_Benchmark/test/die_obverse_beard_0002b/L0002D.ply,gicp,0.0005,50,0,0.000867716,10,13594.1,5596.94,0.942408,-0.111161,-0.315453,0.304745,0.674056,0.672889,0.137834,-0.730268,0.669111,0,0,0
Riedones3D_Registration_Benchmark/test/die_obverse_beard_0002b/L0002D.ply,icp,0.0005,50,0.005,4.55728,20,6138.92,0,0.783494,-0.443741,0.435008,0.608257,0.690876,-0.390786,-0.127129,0.570775,0.811205,0.00479062,0.00103177,0.000992669
Riedones3D_Registration_Benchmark/test/die_obverse_beard_0002b/L0002D.ply,gicp,0.0005,50,0.005,0.000865782,16,20808.7,5590.48,0.783494,-0.443741,0.435008,0.608257,0.690876,-0.390786,-0.127129,0.570775,0.811205,0.00479062,0.00103177,0.000992669
Riedones3D_Registration_Benchmark/test/die_obverse_beard_0002b/L0002D.ply,icp,0.0005,50,0.01,3.69777,20,5343.21,0,0.885398,-0.423988,0.190536,0.442471,0.64314,-0.624973,0.142439,0.637657,0.757037,-0.0078619,-0.00435694,0.00438265
Riedones3D_Registration_Benchmark/test/die_obverse_beard_0002b/L0002D.ply,gicp,0.0005,50,0.01,0.000864165,13,16149.2,5485.84,0.885398,-0.423988,0.190536,0.442471,0.64314,-0.624973,0.142439,0.637657,0.757037,-0.0078619,-0.00435694,0.00438265
Riedones3D_Registration_Benchmark/test/die_obverse_beard_0002b/L0002D.ply,icp,0.0005,100,0,12.1032,20,9030.79,0,0.126526,-0.55709,0.820757,-0.46552,0.697289,0.54505,-0.875946,-0.451042,-0.171111,0,0,0
Riedones3D_Registration_Benchmark/test/die_obverse_beard_0002b/L0002D.ply,gicp,0.0005,100,0,0.000868068,20,27232.4,5393.66,0.126526,-0.55709,0.820757,-0.46552,0.697289,0.54505,-0.875946,-0.451042,-0.171111,0,0,0
Riedones3D_Registration_Benchmark/test/die_obverse_beard_0002b/L0002D.ply,icp,0.0005,100,0.005,11.4453,20,6869.9,0,-0.166625,0.949176,0.267023,-0.884357,-0.0240975,-0.466188,-0.43606,-0.313822,0.843426,-0.004038,0.00285598,0.000733433
Riedones3D_Registration_Benchmark/test/die_obverse_beard_0002b/L0002D.ply,gicp,0.0005,100,0.005,10.3175,20,28615,5497.34,-0.166625,0.949176,0.267023,-0.884357,-0.0240975,-0.466188,-0.43606,-0.313822,0.843426,-0.004038,0.00285598,0.000733433
Riedones3D_Registration_Benchmark/test/die_obverse_beard_0002b/L0002D.ply,icp,0.0005,100,0.01,12.6654,20,8546.02,0,0.876951,0.478523,-0.0444266,0.101279,-0.0936532,0.99044,0.469787,-0.873066,-0.130594,0.00938546,-0.000758728,-0.00336711
Riedones3D_Registration_Benchmark/test/die_obverse_beard_0002b/L0002D.ply,gicp,0.0005,100,0.01,12.4192,20,28644.4,5451.23,0.876951,0.478523,-0.0444266,0.101279,-0.0936532,0.99044,0.469787,-0.873066,-0.130594,0.00938546,-0.000758728,-0.00336711
Riedones3D_Registration_Benchmark/test/die_obverse_beard_0002b/L0002D.ply,icp,0.001,10,0,0.310457,20,4937.49,0,0.984915,-0.00436649,-0.172983,0.00691068,0.999877,0.0141082,0.1729,-0.0150908,0.984824,0,0,0
Riedones3D_Registration_Benchmark/test/die_obverse_beard_0002b/L0002D.ply,gicp,0.001,10,0,0.0017329,6,7424.6,5429.77,0.984915,-0.00436649,-0.172983,0.00691068,0.999877,0.0141082,0.1729,-0.0150908,0.984824,0,0,0
Riedones3D_Registration_Benchmark/test/die_obverse_beard_0002b/L0002D.ply,icp,0.001,10,0.005,1.06782,20,5088.25,0,0.985725,0.162619,0.0435948,-0.160595,0.985924,-0.04651,-0.0505446,0.038845,0.997966,4.52754e-05,0.00154893,0.00475382
Riedones3D_Registration_Benchmark/test/die_obverse_beard_0002b/L0002D.ply,gicp,0.001,10,0.005,0.00173672,7,8480.18,5405.45,0.985725,0.162619,0.0435948,-0.160595,0.985924,-0.04651,-0.0505446,0.038845,0.997966,4.52754e-05,0.00154893,0.00475382
Riedones3D_Registration_Benchmark/test/die_obverse_beard_0002b/L0002D.ply,icp,0.001,10,0.01,0.574164,20,4548.44,0,0.991648,0.0820062,0.0995462,-0.0930904,0.989298,0.112353,-0.0892672,-0.120682,0.988669,-0.00242765,-0.00643187,-0.00726206
Riedones3D_Registration_Benchmark/test/die_obverse_beard_0002b/L0002D.ply,gicp,0.001,10,0.01,0.00173046,6,7114.2,5340.84,0.991648,0.0820062,0.0995462,-0.0930904,0.989298,0.112353,-0.0892672,-0.120682,0.988669,-0.00242765,-0.00643187,-0.00726206
Riedones3D_Registration_Benchmark/test/die_obverse_beard_0002b/L0002D.ply,icp,0.001,50,0,1.00323,20,6001.91,0,0.900412,-0.323604,0.290756,0.0368014,0.722609,0.690277,-0.433479,-0.610833,0.662555,0,0,0
Riedones3D_Registration_Benchmark/test/die_obverse_beard_0002b/L0002D.ply,gicp,0.001,50,0,0.00173317,10,13027.5,5369.93,0.900412,-0.323604,0.290756,0.0368014,0.722609,0.690277,-0.433479,-0.610833,0.662555,0,0,0
Riedones3D_Registration_Benchmark/test/die_obverse_beard_0002b/L0002D.ply,icp,0.001,50,0.005,6.06522,20,6048.19,0,0.700753,0.687595,0.190155,-0.709729,0.644901,0.283527,0.0723211,-0.333641,0.939922,0.000701024,0.00486999,-0.000889835
Riedones3D_Registration_Benchmark/test/die_obverse_beard_0002b/L0002D.ply,gicp,0.001,50,0.005,0.00172985,19,23499.4,5429.3,0.700753,0.687595,0.190155,-0.709729,0.644901,0.283527,0.0723211,-0.333641,0.939922,0.000701024,0.00486999,-0.000889835
Riedones3D_Registration_Benchmark/test/die_obverse_beard_0002b/L0002D.ply,icp,0.001,50,0.01,0.945648,20,6276.08,0,0.648886,0.0623748,0.758325,0.0301486,0.993744,-0.107536,-0.760288,0.0926412,0.642946,-0.0096379,0.00113643,-0.00241236
Riedones3D_Registration_Benchmark/test/die_obverse_beard_0002b/L0002D.ply,gicp,0.001,50,0.01,0.00173152,17,21491.5,5364.42,0.648886,0.0623748,0.758325,0.0301486,0.993744,-0.107536,-0.760288,0.0926412,0.642946,-0.0096379,0.00113643,-0.00241236
Riedones3D_Registration_Benchmark/test/die_obverse_beard_0002b/L0002D.ply,icp,0.001,100,0,12.0087,20,9070.18,0,-0.159776,0.52492,-0.836021,-0.72065,0.516763,0.462191,0.674638,0.676325,0.295717,0,0,0
Riedones3D_Registration_Benchmark/test/die_obverse_beard_0002b/L0002D.ply,gicp,0.001,100,0,10.9435,20,27863.8,5396.75,-0.159776,0.52492,-0.836021,-0.72065,0.516763,0.462191,0.674638,0.676325,0.295717,0,0,0
Riedones3D_Registration_Benchmark/test/die_obverse_beard_0002b/L0002D.ply,icp,0.001,100,0.005,11.8287,20,8180.86,0,0.399182,-0.916834,-0.00828763,0.157973,0.0776784,-0.984383,0.90316,0.391639,0.175843,-0.00473144,-0.000479701,-0.0015438
Riedones3D_Registration_Benchmark/test/die_obverse_beard_0002b/L0002D.ply,gicp,0.001,100,0.005,12.242,20,30523.2,5400.43,0.399182,-0.916834,-0.00828763,0.157973,0.0776784,-0.984383,0.90316,0.391639,0.175843,-0.00473144,-0.000479701,-0.0015438
Riedones3D_Registration_Benchmark/test/die_obverse_beard_0002b/L0002D.ply,icp,0.001,100,0.01,11.8374,20,9990.45,0,0.869925,-0.224859,0.43894,0.409848,-0.16545,-0.897023,0.274327,0.960242,-0.0517712,0.0088056,-0.00288094,-0.00376318
Riedones3D_Registration_Benchmark/test/die_obverse_beard_0002b/L0002D.ply,gicp,0.001,100,0.01,0.00173185,14,17551.9,5333.89,0.869925,-0.224859,0.43894,0.409848,-0.16545,-0.897023,0.274327,0.960242,-0.0517712,0.0088056,-0.00288094,-0.00376318
Riedones3D_Registration_Benchmark/test/die_reverse_0004/L0028R.ply,icp,0,10,0,1.36092,20,3318.78,0,0.984882,0.156382,-0.0745101,-0.155457,0.987677,0.0180882,0.0764205,-0.00623167,0.997056,0,0,0
Riedones3D_Registration_Benchmark/test/die_reverse_0004/L0028R.ply,gicp,0,10,0,3.92037e-15,8,6497.13,3740.96,0.984882,0.156382,-0.0745101,-0.155457,0.987677,0.0180882,0.0764205,-0.00623167,0.997056,0,0,0
Riedones3D_Registration_Benchmark/test/die_reverse_0004/L0028R.ply,icp,0,10,0.005,1.62644,20,3751.22,0,0.991984,-0.122247,0.0319972,0.117532,0.985582,0.121712,-0.0464148,-0.116976,0.99205,0.00375212,-0.00192974,0.00268286
Riedones3D_Registration_Benchmark/test/die_reverse_0004/L0028R.ply,gicp,0,10,0.005,1.0023e-10,8,6542.35,3698.91,0.991984,-0.122247,0.0319972,0.117532,0.985582,0.121712,-0.0464148,-0.116976,0.99205,0.00375212,-0.00192974,0.00268286
Riedones3D_Registration_Benchmark/test/die_reverse_0004/L0028R.ply,icp,0,10,0.01,0.720294,20,3376.3,0,0.995006,0.0579538,0.0812681,-0.0457701,0.988447,-0.144493,-0.0887031,0.140052,0.986163,0.00221917,0.00125247,0.00966988
Riedones3D_Registration_Benchmark/test/die_reverse_0004/L0028R.ply,gicp,0,10,0.01,8.78539e-12,7,5805.36,3702.1,0.995006,0.0579538,0.0812681,-0.0457701,0.988447,-0.144493,-0.0887031,0.140052,0.986163,0.00221917,0.00125247,0.00966988
Riedones3D_Registration_Benchmark/test/die_reverse_0004/L0028R.ply,icp,0,50,0,6.13506,20,3912.04,0,0.821939,-0.569377,0.0150179,0.466346,0.657601,-0.591677,0.327012,0.493327,0.806035,0,0,0
Riedones3D_Registration_Benchmark/test/die_reverse_0004/L0028R.ply,gicp,0,50,0,3.74419e-15,20,17184.6,3854.98,0.821939,-0.569377,0.0150179,0.466346,0.657601,-0.591677,0.327012,0.493327,0.806035,0,0,0
Riedones3D_Registration_Benchmark/test/die_reverse_0004/L0028R.ply,icp,0,50,0.005,6.08363,20,3954.78,0,0.66269,0.597945,0.450892,-0.6817,0.730904,0.0326369,-0.310044,-0.329001,0.891982,-0.00238257,-0.00397087,0.00188561
Riedones3D_Registration_Benchmark/test/die_reverse_0004/L0028R.ply,gicp,0,50,0.005,1.32469e-11,19,16315.2,3780.2,0.66269,0.597945,0.450892,-0.6817,0.730904,0.0326369,-0.310044,-0.329001,0.891982,-0.00238257,-0.00397087,0.00188561
Riedones3D_Registration_Benchmark/test/die_reverse_0004/L0028R.ply,icp,0,50,0.01,4.12036,20,3957.02,0,0.864942,0.406517,-0.29431,-0.50034,0.652694,-0.568903,-0.0391748,0.639324,0.767939,0.00160083,0.00751725,-0.00639752
Riedones3D_Registration_Benchmark/test/die_reverse_0004/L0028R.ply,gicp,0,50,0.01,1.31659e-11,13,11669.8,3746.29,0.864942,0.406517,-0.29431,-0.50034,0.652694,-0.568903,-0.0391748,0.639324,0.767939,0.00160083,0.00751725,-0.00639752
Riedones3D_Registration_Benchmark/test/die_reverse_0004/L0028R.ply,icp,0,100,0,12.5429,20,4082.42,0,0.423618,0.605923,0.673353,-0.762082,-0.163441,0.626513,0.489672,-0.778553,0.392527,0,0,0
Riedones3D_Registration_Benchmark/test/die_reverse_0004/L0028R.ply,gicp,0,100,0,14.1859,20,17985.1,3748.42,0.423618,0.605923,0.673353,-0.762082,-0.163441,0.626513,0.489672,-0.778553,0.392527,0,0,0
Riedones3D_Registration_Benchmark/test/die_reverse_0004/L0028R.ply,icp,0,100,0.005,11.983,20,4798.73,0,0.00293817,-0.0419016,-0.999117,-0.733939,0.678525,-0.0306147,0.679209,0.733381,-0.0287596,-0.00116009,-0.00308604,-0.00375906
Riedones3D_Registration_Benchmark/test/die_reverse_0004/L0028R.ply,gicp,0,100,0.005,22.8475,20,24635.8,3833.3,0.00293817,-0.0419016,-0.999117,-0.733939,0.678525,-0.0306147,0.679209,0.733381,-0.0287596,-0.00116009,-0.00308604,-0.00375906
Riedones3D_Registration_Benchmark/test/die_reverse_0004/L0028R.ply,icp,0,100,0.01,9.26221,20,4313.27,0,0.645435,-0.119154,-0.754464,-0.75393,0.0590134,-0.654298,0.122486,0.99112,-0.0517446,-0.00512646,-0.00240354,-0.00824272
Riedones3D_Registration_Benchmark/test/die_reverse_0004/L0028R.ply,gicp,0,100,0.01,30.2451,20,26091.8,3717.46,0.645435,-0.119154,-0.754464,-0.75393,0.0590134,-0.654298,0.122486,0.99112,-0.0517446,-0.00512646,-0.00240354,-0.00824272
Riedones3D_Registration_Benchmark/test/die_reverse_0004/L0028R.ply,icp,0.0005,10,0,1.3859,20,3378.27,0,0.987373,0.129442,0.091325,-0.135665,0.988583,0.0655682,-0.0817951,-0.0771298,0.99366,0,0,0
Riedones3D_Registration_Benchmark/test/die_reverse_0004/L0028R.ply,gicp,0.0005,10,0,0.000867718,8,6761.14,3852.74,0.987373,0.129442,0.091325,-0.135665,0.988583,0.0655682,-0.0817951,-0.0771298,0.99366,0,0,0
Riedones3D_Registration_Benchmark/test/die_reverse_0004/L0028R.ply,icp,0.0005,10,0.005,1.45046,20,3587.21,0,0.984812,0.132166,0.112597,-0.131846,0.991217,-0.0103146,-0.112971,-0.00468751,0.993587,-0.000338414,0.00468186,-0.00172211
Riedones3D_Registration_Benchmark/test/die_reverse_0004/L0028R.ply,gicp,0.0005,10,0.005,0.000867741,9,7644.27,3835.99,0.984812,0.132166,0.112597,-0.131846,0.991217,-0.0103146,-0.112971,-0.00468751,0.993587,-0.000338414,0.00468186,-0.00172211
Riedones3D_Registration_Benchmark/test/die_reverse_0004/L0028R.ply,icp,0.0005,10,0.01,0.783416,20,3566.04,0,0.995098,0.0834867,-0.0530153,-0.0902206,0.985909,-0.140864,0.040508,0.144957,0.988608,-0.00651932,0.00284265,0.00702978
Riedones3D_Registration_Benchmark/test/die_reverse_0004/L0028R.ply,gicp,0.0005,10,0.01,0.00086686,7,6210.47,4066.58,0.995098,0.0834867,-0.0530153,-0.0902206,0.985909,-0.140864,0.040508,0.144957,0.988608,-0.00651932,0.00284265,0.00702978
Riedones3D_Registration_Benchmark/test/die_reverse_0004/L0028R.ply,icp,0.0005,50,0,1.2728,20,4351.02,0,0.734994,0.0301263,0.677404,0.27699,0.898519,-0.340499,-0.618918,0.437899,0.652062,0,0,0
Riedones3D_Registration_Benchmark/test/die_reverse_0004/L0028R.ply,gicp,0.0005,50,0,0.000863906,12,10780.9,3878.76,0.734994,0.0301263,0.677404,0.27699,0.898519,-0.340499,-0.618918,0.437899,0.652062,0,0,0
Riedones3D_Registration_Benchmark/test/die_reverse_0004/L0028R.ply,icp,0.0005,50,0.005,3.20745,20,4169.52,0,0.876371,-0.155391,0.455881,-0.184303,0.766289,0.615494,-0.444979,-0.623421,0.642915,0.000522672,-0.0045183,-0.00207649
Riedones3D_Registration_Benchmark/test/die_reverse_0004/L0028R.ply,gicp,0.0005,50,0.005,0.00201406,20,18197.9,3856.1,0.876371,-0.155391,0.455881,-0.184303,0.766289,0.615494,-0.444979,-0.623421,0.642915,0.000522672,-0.0045183,-0.00207649
Riedones3D_Registration_Benchmark/test/die_reverse_0004/L0028R.ply,icp,0.0005,50,0.01,4.63954,20,4083.15,0,0.744203,0.603264,-0.286766,-0.398896,0.745746,0.533614,0.535765,-0.282727,0.795626,-0.00118892,0.00168349,0.00978531
Riedones3D_Registration_Benchmark/test/die_reverse_0004/L0028R.ply,gicp,0.0005,50,0.01,0.000867886,13,11432.2,4023.95,0.744203,0.603264,-0.286766,-0.398896,0.745746,0.533614,0.535765,-0.282727,0.795626,-0.00118892,0.00168349,0.00978531
Riedones3D_Registration_Benchmark/test/die_reverse_0004/L0028R.ply,icp,0.0005,100,0,12.0986,20,3959.15,0,0.0047937,0.920696,-0.39025,-0.891964,-0.172492,-0.417907,-0.45208,0.350092,0.820402,0,0,0
Riedones3D_Registration_Benchmark/test/die_reverse_0004/L0028R.ply,gicp,0.0005,100,0,11.5859,20,22946.4,3865.6,0.0047937,0.920696,-0.39025,-0.891964,-0.172492,-0.417907,-0.45208,0.350092,0.820402,0,0,0
Riedones3D_Registration_Benchmark/test/die_reverse_0004/L0028R.ply,icp,0.0005,100,0.005,10.6052,20,4994.07,0,-0.0959914,0.487907,-0.867602,0.0821576,0.872536,0.481592,0.991986,-0.0250514,-0.123841,-0.00233255,0.00428461,0.00109606
Riedones3D_Registration_Benchmark/test/die_reverse_0004/L0028R.ply,gicp,0.0005,100,0.005,10.8698,20,22108.3,3923.79,-0.0959914,0.487907,-0.867602,0.0821576,0.872536,0.481592,0.991986,-0.0250514,-0.123841,-0.00233255,0.00428461,0.00109606
Riedones3D_Registration_Benchmark/test/die_reverse_0004/L0028R.ply,icp,0.0005,100,0.01,13.0257,20,4263.77,0,-0.173635,0.761071,-0.624997,-0.765973,0.294518,0.571441,0.61898,0.577954,0.531821,-0.00738376,-0.00603149,0.00301683
Riedones3D_Registration_Benchmark/test/die_reverse_0004/L0028R.ply,gicp,0.0005,100,0.01,15.8756,20,19387.9,3853.29,-0.173635,0.761071,-0.624997,-0.765973,0.294518,0.571441,0.61898,0.577954,0.531821,-0.00738376,-0.00603149,0.00301683
Riedones3D_Registration_Benchmark/test/die_reverse_0004/L0028R.ply,icp,0.001,10,0,1.31509,20,3881.79,0,0.987582,-0.127454,0.091852,0.12024,0.989498,0.0802278,-0.101113,-0.0681873,0.992536,0,0,0
Riedones3D_Registration_Benchmark/test/die_reverse_0004/L0028R.ply,gicp,0.001,10,0,0.00172845,8,6934.72,3958.09,0.987582,-0.127454,0.091852,0.12024,0.989498,0.0802278,-0.101113,-0.0681873,0.992536,0,0,0
Riedones3D_Registration_Benchmark/test/die_reverse_0004/L0028R.ply,icp,0.001,10,0.005,0.451286,20,2957.5,0,0.996048,0.0846004,-0.0270492,-0.0795994,0.985364,0.150737,0.0394058,-0.147988,0.988204,0.00210907,0.00215194,-0.00399011
Riedones3D_Registration_Benchmark/test/die_reverse_0004/L0028R.ply,gicp,0.001,10,0.005,0.00172837,5,4207.66,3928.96,0.996048,0.0846004,-0.0270492,-0.0795994,0.985364,0.150737,0.0394058,-0.147988,0.988204,0.00210907,0.00215194,-0.00399011
Riedones3D_Registration_Benchmark/test/die_reverse_0004/L0028R.ply,icp,0.001,10,0.01,1.7828,20,3438.75,0,0.985939,-0.1656,-0.0223825,0.164343,0.985157,-0.0495728,0.0302595,0.0451974,0.99852,-0.0065603,-0.005633,-0.00502312
Riedones3D_Registration_Benchmark/test/die_reverse_0004/L0028R.ply,gicp,0.001,10,0.01,0.00173461,8,6808.42,3866.67,0.985939,-0.1656,-0.0223825,0.164343,0.985157,-0.0495728,0.0302595,0.0451974,0.99852,-0.0065603,-0.005633,-0.00502312
Riedones3D_Registration_Benchmark/test/die_reverse_0004/L0028R.ply,icp,0.001,50,0,2.42891,20,4358.38,0,0.735364,0.514607,0.440931,-0.261526,0.815753,-0.515898,-0.625175,0.264058,0.734458,0,0,0
Riedones3D_Registration_Benchmark/test/die_reverse_0004/L0028R.ply,gicp,0.001,50,0,0.00172901,15,13732.4,3872.08,0.735364,0.514607,0.440931,-0.261526,0.815753,-0.515898,-0.625175,0.264058,0.734458,0,0,0
Riedones3D_Registration_Benchmark/test/die_reverse_0004/L0028R.ply,icp,0.001,50,0.005,5.56168,20,4241.52,0,0.656973,0.73998,0.144278,-0.700726,0.669944,-0.245272,-0.278155,0.0600377,0.958658,-1.88258e-06,0.00212609,0.00452545
Riedones3D_Registration_Benchmark/test/die_reverse_0004/L0028R.ply,gicp,0.001,50,0.005,0.00173229,17,15087.6,3876.62,0.656973,0.73998,0.144278,-0.700726,0.669944,-0.245272,-0.278155,0.0600377,0.958658,-1.88258e-06,0.00212609,0.00452545
Riedones3D_Registration_Benchmark/test/die_reverse_0004/L0028R.ply,icp,0.001,50,0.01,0.876789,20,4031.25,0,0.950924,0.0548158,0.304529,0.184616,0.689299,-0.700559,-0.248313,0.7224,0.645352,0.00480185,-0.00781269,-0.00398799
Riedones3D_Registration_Benchmark/test/die_reverse_0004/L0028R.ply,gicp,0.001,50,0.01,0.00173944,11,10223.9,3843.27,0.950924,0.0548158,0.304529,0.184616,0.689299,-0.700559,-0.248313,0.7224,0.645352,0.00480185,-0.00781269,-0.00398799
Riedones3D_Registration_Benchmark/test/die_reverse_0004/L0028R.ply,icp,0.001,100,0,14.2904,20,3900.01,0,-0.155939,-0.798575,-0.581344,0.931702,0.0765452,-0.355066,0.328046,-0.597008,0.732098,0,0,0
Riedones3D_Registration_Benchmark/test/die_reverse_0004/L0028R.ply,gicp,0.001,100,0,1.88725,20,20111.6,3850.51,-0.155939,-0.798575,-0.581344,0.931702,0.0765452,-0.355066,0.328046,-0.597008,0.732098,0,0,0
Riedones3D_Registration_Benchmark/test/die_reverse_0004/L0028R.ply,icp,0.001,100,0.005,2.99334,20,4271.61,0,0.0228349,-0.357717,0.933551,0.955827,0.281524,0.0844946,-0.293042,0.890383,0.348344,0.00315999,-0.00268691,-0.00279195
Riedones3D_Registration_Benchmark/test/die_reverse_0004/L0028R.ply,gicp,0.001,100,0.005,0.0966966,20,18542.6,4060.08,0.0228349,-0.357717,0.933551,0.955827,0.281524,0.0844946,-0.293042,0.890383,0.348344,0.00315999,-0.00268691,-0.00279195
Riedones3D_Registration_Benchmark/test/die_reverse_0004/L0028R.ply,icp,0.001,100,0.01,13.5389,20,4183.83,0,0.0670338,0.497905,-0.864637,-0.996041,0.0840986,-0.0287929,0.0583786,0.863144,0.501571,-0.00180323,0.000485231,0.0098241
Riedones3D_Registration_Benchmark/test/die_reverse_0004/L0028R.ply,gicp,0.001,100,0.01,49.8926,20,25662.4,3868.25,0.0670338,0.497905,-0.864637,-0.996041,0.0840986,-0.0287929,0.0583786,0.863144,0.501571,-0.00180323,0.000485231,0.0098241
Riedones3D_Registration_Benchmark/test/die_obverse_beard_0001a/L0080D.ply,icp,0,10,0,0.860804,20,4901.14,0,0.996049,-0.0518295,-0.0721185,0.0404523,0.987687,-0.151125,0.0790632,0.147611,0.98588,0,0,0
Riedones3D_Registration_Benchmark/test/die_obverse_beard_0001a/L0080D.ply,gicp,0,10,0,6.66696e-15,6,7271.16,5362.89,0.996049,-0.0518295,-0.0721185,0.0404523,0.987687,-0.151125,0.0790632,0.147611,0.98588,0,0,0
Riedones3D_Registration_Benchmark/test/die_obverse_beard_0001a/L0080D.ply,icp,0,10,0.005,1.04384,20,4893.03,0,0.996563,-0.0270223,-0.0783102,0.0386863,0.987701,0.151492,0.0732535,-0.154001,0.985352,-0.000671003,-0.00293831,-0.0039895
Riedones3D_Registration_Benchmark/test/die_obverse_beard_0001a/L0080D.ply,gicp,0,10,0.005,4.05701e-13,7,8308.27,5308.82,0.996563,-0.0270223,-0.0783102,0.0386863,0.987701,0.151492,0.0732535,-0.154001,0.985352,-0.000671003,-0.00293831,-0.0039895
Riedones3D_Registration_Benchmark/test/die_obverse_beard_0001a/L0080D.ply,icp,0,10,0.01,1.73284,20,4661.89,0,0.985229,-0.164595,-0.0472441,0.165902,0.985821,0.0251866,0.0424286,-0.0326525,0.998566,0.00936077,-0.00350608,0.000288797
Riedones3D_Registration_Benchmark/test/die_obverse_beard_0001a/L0080D.ply,gicp,0,10,0.01,1.6237e-10,8,9376,5289.4,0.985229,-0.164595,-0.0472441,0.165902,0.985821,0.0251866,0.0424286,-0.0326525,0.998566,0.00936077,-0.00350608,0.000288797
Riedones3D_Registration_Benchmark/test/die_obverse_beard_0001a/L0080D.ply,icp,0,50,0,3.19569,20,5822.95,0,0.977661,-0.170048,-0.123545,0.205129,0.643706,0.737268,-0.0458439,-0.746141,0.664208,0,0,0
Riedones3D_Registration_Benchmark/test/die_obverse_beard_0001a/L0080D.ply,gicp,0,50,0,7.39293e-15,19,23680.1,5405.76,0.977661,-0.170048,-0.123545,0.205129,0.643706,0.737268,-0.0458439,-0.746141,0.664208,0,0,0
Riedones3D_Registration_Benchmark/test/die_obverse_beard_0001a/L0080D.ply,icp,0,50,0.005,4.81585,20,5019.89,0,0.910654,0.391122,0.133164,-0.188988,0.680921,-0.707552,-0.367414,0.619169,0.694001,-0.00150281,0.00465727,0.00102536
Riedones3D_Registration_Benchmark/test/die_obverse_beard_0001a/L0080D.ply,gicp,0,50,0.005,0.0329192,20,24295.4,5280.4,0.910654,0.391122,0.133164,-0.188988,0.680921,-0.707552,-0.367414,0.619169,0.694001,-0.00150281,0.00465727,0.00102536
Riedones3D_Registration_Benchmark/test/die_obverse_beard_0001a/L0080D.ply,icp,0,50,0.01,7.21769,20,5284.76,0,0.64871,0.620448,0.440704,-0.56326,0.780848,-0.270211,-0.511775,-0.0729424,0.856017,-0.00825222,0.00543441,-0.00153886
Riedones3D_Registration_Benchmark/test/die_obverse_beard_0001a/L0080D.ply,gicp,0,50,0.01,5.20784,20,24870.3,5423.11,0.64871,0.620448,0.440704,-0.56326,0.780848,-0.270211,-0.511775,-0.0729424,0.856017,-0.00825222,0.00543441,-0.00153886
Riedones3D_Registration_Benchmark/test/die_obverse_beard_0001a/L0080D.ply,icp,0,100,0,3.20844,20,5435.19,0,-0.128456,0.174703,0.976206,0.276326,0.951683,-0.133954,-0.952441,0.252544,-0.170524,0,0,0
Riedones3D_Registration_Benchmark/test/die_obverse_beard_0001a/L0080D.ply,gicp,0,100,0,1.71618e-14,16,20773.8,5349.11,-0.128456,0.174703,0.976206,0.276326,0.951683,-0.133954,-0.952441,0.252544,-0.170524,0,0,0
Riedones3D_Registration_Benchmark/test/die_obverse_beard_0001a/L0080D.ply,icp,0,100,0.005,13.2094,20,6701.82,0,0.973033,-0.168945,-0.157049,-0.182394,-0.146736,-0.972214,0.141206,0.974642,-0.173593,-0.00361676,0.00325469,-0.00115156
Riedones3D_Registration_Benchmark/test/die_obverse_beard_0001a/L0080D.ply,gicp,0,100,0.005,1.69861,20,28953.8,5291.68,0.973033,-0.168945,-0.157049,-0.182394,-0.146736,-0.972214,0.141206,0.974642,-0.173593,-0.00361676,0.00325469,-0.00115156
Riedones3D_Registration_Benchmark/test/die_obverse_beard_0001a/L0080D.ply,icp,0,100,0.01,12.3247,20,6970.48,0,0.725548,0.422972,0.542839,0.560211,0.0951053,-0.822872,-0.399678,0.901138,-0.16795,0.00383976,0.005503,-0.00741439
Riedones3D_Registration_Benchmark/test/die_obverse_beard_0001a/L0080D.ply,gicp,0,100,0.01,12.2514,20,27560.5,5291.43,0.725548,0.422972,0.542839,0.560211,0.0951053,-0.822872,-0.399678,0.901138,-0.16795,0.00383976,0.005503,-0.00741439
Riedones3D_Registration_Benchmark/test/die_obverse_beard_0001a/L0080D.ply,icp,0.0005,10,0,2.23138,20,4640.14,0,0.984853,0.14867,0.0892312,-0.149513,0.988756,0.00280136,-0.0878114,-0.0161002,0.996007,0,0,0
Riedones3D_Registration_Benchmark/test/die_obverse_beard_0001a/L0080D.ply,gicp,0.0005,10,0,0.0008663,11,12986.4,5384.25,0.984853,0.14867,0.0892312,-0.149513,0.988756,0.00280136,-0.0878114,-0.0161002,0.996007,0,0,0
Riedones3D_Registration_Benchmark/test/die_obverse_beard_0001a/L0080D.ply,icp,0.0005,10,0.005,0.981878,20,4710.11,0,0.985388,-2.56809e-05,0.170327,-0.00579525,0.999416,0.0336778,-0.170228,-0.0341727,0.984812,0.00350976,0.00123053,0.00334176
Riedones3D_Registration_Benchmark/test/die_obverse_beard_0001a/L0080D.ply,gicp,0.0005,10,0.005,0.000867661,7,8143.34,5289.76,0.985388,-2.56809e-05,0.170327,-0.00579525,0.999416,0.0336778,-0.170228,-0.0341727,0.984812,0.00350976,0.00123053,0.00334176
Riedones3D_Registration_Benchmark/test/die_obverse_beard_0001a/L0080D.ply,icp,0.0005,10,0.01,1.43805,20,4848.56,0,0.993802,0.099246,0.0500811,-0.105063,0.985748,0.131386,-0.0363278,-0.135833,0.990065,-0.0081124,-0.00349531,-0.00468741
Riedones3D_Registration_Benchmark/test/die_obverse_beard_0001a/L0080D.ply,gicp,0.0005,10,0.01,0.00086427,8,9781.57,5459.4,0.993802,0.099246,0.0500811,-0.105063,0.985748,0.131386,-0.0363278,-0.135833,0.990065,-0.0081124,-0.00349531,-0.00468741
Riedones3D_Registration_Benchmark/test/die_obverse_beard_0001a/L0080D.ply,icp,0.0005,50,0,5.95747,20,5319.98,0,0.642965,-0.573948,-0.507129,0.584373,0.795641,-0.159574,0.495079,-0.193752,0.846969,0,0,0
Riedones3D_Registration_Benchmark/test/die_obverse_beard_0001a/L0080D.ply,gicp,0.0005,50,0,0.000866195,20,24721.1,5275.32,0.642965,-0.573948,-0.507129,0.584373,0.795641,-0.159574,0.495079,-0.193752,0.846969,0,0,0
Riedones3D_Registration_Benchmark/test/die_obverse_beard_0001a/L0080D.ply,icp,0.0005,50,0.005,4.12174,20,5104.5,0,0.947384,0.228241,-0.224431,-0.319889,0.649681,-0.689627,-0.0115921,0.725135,0.68851,0.00295515,-0.00371311,0.00157478
Riedones3D_Registration_Benchmark/test/die_obverse_beard_0001a/L0080D.ply,gicp,0.0005,50,0.005,2.22436,20,24632.2,5382.38,0.947384,0.228241,-0.224431,-0.319889,0.649681,-0.689627,-0.0115921,0.725135,0.68851,0.00295515,-0.00371311,0.00157478
Riedones3D_Registration_Benchmark/test/die_obverse_beard_0001a/L0080D.ply,icp,0.0005,50,0.01,1.80514,20,5169.5,0,0.90009,-0.0151037,-0.435443,-0.286975,0.73145,-0.618568,0.327847,0.681728,0.654036,0.00448944,0.00215975,-0.00867066
Riedones3D_Registration_Benchmark/test/die_obverse_beard_0001a/L0080D.ply,gicp,0.0005,50,0.01,0.000867928,13,15874.8,5272.47,0.90009,-0.0151037,-0.435443,-0.286975,0.73145,-0.618568,0.327847,0.681728,0.654036,0.00448944,0.00215975,-0.00867066
Riedones3D_Registration_Benchmark/test/die_obverse_beard_0001a/L0080D.ply,icp,0.0005,100,0,13.6879,20,5479.45,0,-0.135603,0.98903,-0.0585787,-0.926001,-0.147543,-0.347495,-0.352326,0.00712245,0.93585,0,0,0
Riedones3D_Registration_Benchmark/test/die_obverse_beard_0001a/L0080D.ply,gicp,0.0005,100,0,14.5849,20,24961.2,5271.48,-0.135603,0.98903,-0.0585787,-0.926001,-0.147543,-0.347495,-0.352326,0.00712245,0.93585,0,0,0
Riedones3D_Registration_Benchmark/test/die_obverse_beard_0001a/L0080D.ply,icp,0.0005,100,0.005,12.7715,20,5949.06,0,0.0734686,-0.896576,-0.436755,0.8515,-0.171593,0.495483,-0.519181,-0.408299,0.750828,0.0010639,-0.00473928,0.00118629
Riedones3D_Registration_Benchmark/test/die_obverse_beard_0001a/L0080D.ply,gicp,0.0005,100,0.005,13.3948,20,25576.8,5267.15,0.0734686,-0.896576,-0.436755,0.8515,-0.171593,0.495483,-0.519181,-0.408299,0.750828,0.0010639,-0.00473928,0.00118629
Riedones3D_Registration_Benchmark/test/die_obverse_beard_0001a/L0080D.ply,icp,0.0005,100,0.01,13.8288,20,5579.61,0,-0.168456,0.948116,-0.269629,-0.978754,-0.12845,0.159816,0.11689,0.290822,0.94961,0.00631726,0.00603637,0.00486359
Riedones3D_Registration_Benchmark/test/die_obverse_beard_0001a/L0080D.ply,gicp,0.0005,100,0.01,14.5348,20,24667.4,5251.92,-0.168456,0.948116,-0.269629,-0.978754,-0.12845,0.159816,0.11689,0.290822,0.94961,0.00631726,0.00603637,0.00486359
Riedones3D_Registration_Benchmark/test/die_obverse_beard_0001a/L0080D.ply,icp,0.001,10,0,0.803403,20,4659.87,0,0.99616,0.0103654,0.0869381,0.00282751,0.988641,-0.150271,-0.0875082,0.14994,0.984815,0,0,0
Riedones3D_Registration_Benchmark/test/die_obverse_beard_0001a/L0080D.ply,gicp,0.001,10,0,0.00172771,6,7069.91,5255.87,0.99616,0.0103654,0.0869381,0.00282751,0.988641,-0.150271,-0.0875082,0.14994,0.984815,0,0,0
Riedones3D_Registration_Benchmark/test/die_obverse_beard_0001a/L0080D.ply,icp,0.001,10,0.005,2.01221,20,4578.71,0,0.985679,0.113882,0.124373,-0.108574,0.992896,-0.0486764,-0.129032,0.0344757,0.991041,0.00144006,-0.00440356,-0.00188013
Riedones3D_Registration_Benchmark/test/die_obverse_beard_0001a/L0080D.ply,gicp,0.001,10,0.005,0.00173621,11,12757.4,5266.04,0.985679,0.113882,0.124373,-0.108574,0.992896,-0.0486764,-0.129032,0.0344757,0.991041,0.00144006,-0.00440356,-0.00188013
Riedones3D_Registration_Benchmark/test/die_obverse_beard_0001a/L0080D.ply,icp,0.001,10,0.01,0.435979,20,4654.29,0,0.993469,0.0627543,-0.0952914,-0.0496737,0.989746,0.133921,0.102718,-0.128313,0.9864,-0.00288463,-0.000971955,0.00952545
Riedones3D_Registration_Benchmark/test/die_obverse_beard_0001a/L0080D.ply,gicp,0.001,10,0.01,0.00173513,6,7064.9,5257.94,0.993469,0.0627543,-0.0952914,-0.0496737,0.989746,0.133921,0.102718,-0.128313,0.9864,-0.00288463,-0.000971955,0.00952545
Riedones3D_Registration_Benchmark/test/die_obverse_beard_0001a/L0080D.ply,icp,0.001,50,0,7.98954,20,5160.55,0,0.656891,0.731156,0.18413,-0.684878,0.680751,-0.259847,-0.315335,0.0445845,0.947932,0,0,0
Riedones3D_Registration_Benchmark/test/die_obverse_beard_0001a/L0080D.ply,gicp,0.001,50,0,6.09535,20,24408.4,5307.09,0.656891,0.731156,0.18413,-0.684878,0.680751,-0.259847,-0.315335,0.0445845,0.947932,0,0,0
Riedones3D_Registration_Benchmark/test/die_obverse_beard_0001a/L0080D.ply,icp,0.001,50,0.005,6.95685,20,5532.08,0,0.678949,0.490917,0.545921,-0.628272,0.773221,0.0860509,-0.379873,-0.401411,0.833406,0.00300478,0.00189803,0.00351693
Riedones3D_Registration_Benchmark/test/die_obverse_beard_0001a/L0080D.ply,gicp,0.001,50,0.005,5.13216,20,25228.1,5307.58,0.678949,0.490917,0.545921,-0.628272,0.773221,0.0860509,-0.379873,-0.401411,0.833406,0.00300478,0.00189803,0.00351693
Riedones3D_Registration_Benchmark/test/die_obverse_beard_0001a/L0080D.ply,icp,0.001,50,0.01,2.90372,20,5731.95,0,0.926658,-0.301545,0.224447,0.0535801,0.696938,0.715127,-0.372068,-0.650652,0.66198,0.00051721,-0.00995257,0.000823957
Riedones3D_Registration_Benchmark/test/die_obverse_beard_0001a/L0080D.ply,gicp,0.001,50,0.01,0.00173641,13,16140,5340.71,0.926658,-0.301545,0.224447,0.0535801,0.696938,0.715127,-0.372068,-0.650652,0.66198,0.00051721,-0.00995257,0.000823957
Riedones3D_Registration_Benchmark/test/die_obverse_beard_0001a/L0080D.ply,icp,0.001,100,0,12.1557,20,5611.04,0,-0.163032,-0.858218,0.486705,0.727517,0.228644,0.64687,-0.666437,0.459547,0.587092,0,0,0
Riedones3D_Registration_Benchmark/test/die_obverse_beard_0001a/L0080D.ply,gicp,0.001,100,0,13.0504,20,25339.7,5342.33,-0.163032,-0.858218,0.486705,0.727517,0.228644,0.64687,-0.666437,0.459547,0.587092,0,0,0
Riedones3D_Registration_Benchmark/test/die_obverse_beard_0001a/L0080D.ply,icp,0.001,100,0.005,2.27132,20,5915.52,0,0.186606,-0.534313,0.824432,-0.54829,0.639686,0.538683,-0.815203,-0.552549,-0.173589,0.00116267,0.00200661,-0.00442964
Riedones3D_Registration_Benchmark/test/die_obverse_beard_0001a/L0080D.ply,gicp,0.001,100,0.005,14.5554,20,27740.1,5286.51,0.186606,-0.534313,0.824432,-0.54829,0.639686,0.538683,-0.815203,-0.552549,-0.173589,0.00116267,0.00200661,-0.00442964
Riedones3D_Registration_Benchmark/test/die_obverse_beard_0001a/L0080D.ply,icp,0.001,100,0.01,13.1259,20,6891.54,0,0.225445,0.478496,0.848656,-0.962234,-0.0270645,0.270876,0.152582,-0.877673,0.454323,-0.005772,0.00554866,0.00599135
Riedones3D_Registration_Benchmark/test/die_obverse_beard_0001a/L0080D.ply,gicp,0.001,100,0.01,10.5761,20,25992.1,5374.07,0.225445,0.478496,0.848656,-0.962234,-0.0270645,0.270876,0.152582,-0.877673,0.454323,-0.005772,0.00554866,0.00599135
Riedones3D_Registration_Benchmark/test/die_obverse_0001/L0101D.ply,icp,0,10,0,1.24362,20,54208.5,0,0.985538,-0.167697,0.0243447,0.16664,0.98519,0.0403923,-0.0307579,-0.0357514,0.998887,0,0,0
Riedones3D_Registration_Benchmark/test/die_obverse_0001/L0101D.ply,gicp,0,10,0,2.96246e-15,8,96705.3,54590.4,0.985538,-0.167697,0.0243447,0.16664,0.98519,0.0403923,-0.0307579,-0.0357514,0.998887,0,0,0
Riedones3D_Registration_Benchmark/test/die_obverse_0001/L0101D.ply,icp,0,10,0.005,1.07732,20,69158.1,0,0.994818,0.0943955,-0.0377764,-0.0987867,0.985289,-0.139449,0.0240573,0.142458,0.989508,0.000804129,-0.00475358,-0.00132545
Riedones3D_Registration_Benchmark/test/die_obverse_0001/L0101D.ply,gicp,0,10,0.005,1.96948e-15,9,111602,54761.4,0.994818,0.0943955,-0.0377764,-0.0987867,0.985289,-0.139449,0.0240573,0.142458,0.989508,0.000804129,-0.00475358,-0.00132545
Riedones3D_Registration_Benchmark/test/die_obverse_0001/L0101D.ply,icp,0,10,0.01,0.839902,20,72032.6,0,0.986627,-0.00992795,-0.162692,6.77708e-05,0.998168,-0.0605003,0.162994,0.0596802,0.98482,-0.00754201,-0.00478559,-0.00449624
Riedones3D_Registration_Benchmark/test/die_obverse_0001/L0101D.ply,gicp,0,10,0.01,2.01658e-15,7,89304.6,55485.2,0.986627,-0.00992795,-0.162692,6.77708e-05,0.998168,-0.0605003,0.162994,0.0596802,0.98482,-0.00754201,-0.00478559,-0.00449624
Riedones3D_Registration_Benchmark/test/die_obverse_0001/L0101D.ply,icp,0,50,0,1.05327,20,102447,0,0.897963,-0.134357,-0.419058,-0.187679,0.744391,-0.640826,0.398043,0.654087,0.64322,0,0,0
Riedones3D_Registration_Benchmark/test/die_obverse_0001/L0101D.ply,gicp,0,50,0,1.12536,20,366923,55614.8,0.897963,-0.134357,-0.419058,-0.187679,0.744391,-0.640826,0.398043,0.654087,0.64322,0,0,0
Riedones3D_Registration_Benchmark/test/die_obverse_0001/L0101D.ply,icp,0,50,0.005,2.01008,20,100275,0,0.908454,-0.328949,-0.257883,0.0588282,0.71145,-0.70027,0.413824,0.620992,0.665671,-0.000894689,-0.0032863,0.00366056
Riedones3D_Registration_Benchmark/test/die_obverse_0001/L0101D.ply,gicp,0,50,0.005,2.68351e-13,19,321863,55289.6,0.908454,-0.328949,-0.257883,0.0588282,0.71145,-0.70027,0.413824,0.620992,0.665671,-0.000894689,-0.0032863,0.00366056
Riedones3D_Registration_Benchmark/test/die_obverse_0001/L0101D.ply,icp,0,50,0.01,2.05575,20,95914.9,0,0.65721,0.28571,0.697456,-0.151175,0.956531,-0.249388,-0.738391,0.0584619,0.671834,-0.00540034,-0.00707529,0.00455814
Riedones3D_Registration_Benchmark/test/die_obverse_0001/L0101D.ply,gicp,0,50,0.01,5.70099e-15,13,198489,54777.5,0.65721,0.28571,0.697456,-0.151175,0.956531,-0.249388,-0.738391,0.0584619,0.671834,-0.00540034,-0.00707529,0.00455814
Riedones3D_Registration_Benchmark/test/die_obverse_0001/L0101D.ply,icp,0,100,0,10.6082,20,156438,0,0.0827951,-0.81693,0.570762,-0.0553321,0.568077,0.821113,-0.995029,-0.0995657,0.00183151,0,0,0
Riedones3D_Registration_Benchmark/test/die_obverse_0001/L0101D.ply,gicp,0,100,0,10.8348,20,303428,54655.6,0.0827951,-0.81693,0.570762,-0.0553321,0.568077,0.821113,-0.995029,-0.0995657,0.00183151,0,0,0
Riedones3D_Registration_Benchmark/test/die_obverse_0001/L0101D.ply,icp,0,100,0.005,4.30537,20,99460.9,0,0.834353,-0.473686,0.281918,-0.32744,-0.0144713,0.944761,-0.44344,-0.880575,-0.167178,0.000548936,0.00496627,0.000186708
Riedones3D_Registration_Benchmark/test/die_obverse_0001/L0101D.ply,gicp,0,100,0.005,20.8471,20,486497,54887.8,0.834353,-0.473686,0.281918,-0.32744,-0.0144713,0.944761,-0.44344,-0.880575,-0.167178,0.000548936,0.00496627,0.000186708
Riedones3D_Registration_Benchmark/test/die_obverse_0001/L0101D.ply,icp,0,100,0.01,10.9516,20,86573.4,0,0.00722053,-0.55739,-0.830219,0.994534,0.0904866,-0.052101,0.104164,-0.825305,0.554997,-0.00915668,-0.00230643,-0.00329174
Riedones3D_Registration_Benchmark/test/die_obverse_0001/L0101D.ply,gicp,0,100,0.01,10.5048,20,319918,54907.2,0.00722053,-0.55739,-0.830219,0.994534,0.0904866,-0.052101,0.104164,-0.825305,0.554997,-0.00915668,-0.00230643,-0.00329174
Riedones3D_Registration_Benchmark/test/die_obverse_0001/L0101D.ply,icp,0.0005,10,0,0.674561,20,74005.4,0,0.999435,-0.0164631,-0.0292904,0.0212145,0.985194,0.170128,0.0260558,-0.170653,0.984987,0,0,0
Riedones3D_Registration_Benchmark/test/die_obverse_0001/L0101D.ply,gicp,0.0005,10,0,0.000865784,6,76101.9,54861.4,0.999435,-0.0164631,-0.0292904,0.0212145,0.985194,0.170128,0.0260558,-0.170653,0.984987,0,0,0
Riedones3D_Registration_Benchmark/test/die_obverse_0001/L0101D.ply,icp,0.0005,10,0.005,0.825128,20,73597.4,0,0.997763,0.0622767,-0.0242984,-0.0575682,0.985236,0.161235,0.0339808,-0.159476,0.986617,0.00251403,0.000290018,-0.00431226
Riedones3D_Registration_Benchmark/test/die_obverse_0001/L0101D.ply,gicp,0.0005,10,0.005,0.000866439,7,87736.9,54900.9,0.997763,0.0622767,-0.0242984,-0.0575682,0.985236,0.161235,0.0339808,-0.159476,0.986617,0.00251403,0.000290018,-0.00431226
Riedones3D_Registration_Benchmark/test/die_obverse_0001/L0101D.ply,icp,0.0005,10,0.01,1.20901,20,64086.1,0,0.984968,-0.145162,0.0936252,0.146822,0.989101,-0.0110583,-0.0909995,0.0246383,0.995546,-0.0032962,-0.00193342,-0.00924105
Riedones3D_Registration_Benchmark/test/die_obverse_0001/L0101D.ply,gicp,0.0005,10,0.01,0.000866393,8,98530.9,54943.6,0.984968,-0.145162,0.0936252,0.146822,0.989101,-0.0110583,-0.0909995,0.0246383,0.995546,-0.0032962,-0.00193342,-0.00924105
Riedones3D_Registration_Benchmark/test/die_obverse_0001/L0101D.ply,icp,0.0005,50,0,4.38536,20,99217.5,0,0.787834,0.507293,0.349245,-0.234268,0.771268,-0.591831,-0.569593,0.384447,0.726474,0,0,0
Riedones3D_Registration_Benchmark/test/die_obverse_0001/L0101D.ply,gicp,0.0005,50,0,0.000866009,18,253048,55102.6,0.787834,0.507293,0.349245,-0.234268,0.771268,-0.591831,-0.569593,0.384447,0.726474,0,0,0
Riedones3D_Registration_Benchmark/test/die_obverse_0001/L0101D.ply,icp,0.0005,50,0.005,6.15191,20,85677.4,0,0.648619,-0.732333,-0.207321,0.702535,0.680853,-0.207085,0.29281,-0.0113306,0.956103,0.00453129,-0.00172652,0.00121925
Riedones3D_Registration_Benchmark/test/die_obverse_0001/L0101D.ply,gicp,0.0005,50,0.005,6.72618,20,269822,54539.8,0.648619,-0.732333,-0.207321,0.702535,0.680853,-0.207085,0.29281,-0.0113306,0.956103,0.00453129,-0.00172652,0.00121925
Riedones3D_Registration_Benchmark/test/die_obverse_0001/L0101D.ply,icp,0.0005,50,0.01,3.15202,20,91916.5,0,0.731461,-0.274878,0.624025,0.521833,0.81473,-0.252794,-0.438924,0.510546,0.739384,0.00483285,0.00165071,0.0085976
Riedones3D_Registration_Benchmark/test/die_obverse_0001/L0101D.ply,gicp,0.0005,50,0.01,0.000865856,19,268863,55005.9,0.731461,-0.274878,0.624025,0.521833,0.81473,-0.252794,-0.438924,0.510546,0.739384,0.00483285,0.00165071,0.0085976
Riedones3D_Registration_Benchmark/test/die_obverse_0001/L0101D.ply,icp,0.0005,100,0,10.855,20,87732,0,-0.0785029,-0.987219,-0.138691,0.698953,0.044695,-0.713769,0.710846,-0.152972,0.686512,0,0,0
Riedones3D_Registration_Benchmark/test/die_obverse_0001/L0101D.ply,gicp,0.0005,100,0,11.4765,20,309308,54988.4,-0.0785029,-0.987219,-0.138691,0.698953,0.044695,-0.713769,0.710846,-0.152972,0.686512,0,0,0
Riedones3D_Registration_Benchmark/test/die_obverse_0001/L0101D.ply,icp,0.0005,100,0.005,4.6904,20,106566,0,0.536106,-0.303772,-0.787599,-0.76227,0.226647,-0.606281,0.362678,0.925394,-0.110049,-0.00352189,-0.00349197,-0.000634375
Riedones3D_Registration_Benchmark/test/die_obverse_0001/L0101D.ply,gicp,0.0005,100,0.005,31.317,20,454578,54902.9,0.536106,-0.303772,-0.787599,-0.76227,0.226647,-0.606281,0.362678,0.925394,-0.110049,-0.00352189,-0.00349197,-0.000634375
Riedones3D_Registration_Benchmark/test/die_obverse_0001/L0101D.ply,icp,0.0005,100,0.01,11.4472,20,157008,0,-0.0709054,-0.206747,0.975822,-0.451045,0.879201,0.153502,-0.88968,-0.429256,-0.155592,0.00778229,0.00504925,-0.00373376
Riedones3D_Registration_Benchmark/test/die_obverse_0001/L0101D.ply,gicp,0.0005,100,0.01,21.2284,20,449207,54968.8,-0.0709054,-0.206747,0.975822,-0.451045,0.879201,0.153502,-0.88968,-0.429256,-0.155592,0.00778229,0.00504925,-0.00373376
Riedones3D_Registration_Benchmark/test/die_obverse_0001/L0101D.ply,icp,0.001,10,0,1.22363,20,66461.7,0,0.989573,-0.133149,0.0549154,0.127142,0.986701,0.101276,-0.0676699,-0.0932384,0.993342,0,0,0
Riedones3D_Registration_Benchmark/test/die_obverse_0001/L0101D.ply,gicp,0.001,10,0,0.00173296,9,110950,54912.9,0.989573,-0.133149,0.0549154,0.127142,0.986701,0.101276,-0.0676699,-0.0932384,0.993342,0,0,0
Riedones3D_Registration_Benchmark/test/die_obverse_0001/L0101D.ply,icp,0.001,10,0.005,1.09539,20,67772.6,0,0.984812,0.128596,-0.116652,-0.128953,0.99164,0.00450596,0.116256,0.0106051,0.993163,-0.00465133,0.000661396,0.00171105
Riedones3D_Registration_Benchmark/test/die_obverse_0001/L0101D.ply,gicp,0.001,10,0.005,0.00172997,8,98407.7,54875.2,0.984812,0.128596,-0.116652,-0.128953,0.99164,0.00450596,0.116256,0.0106051,0.993163,-0.00465133,0.000661396,0.00171105
Riedones3D_Registration_Benchmark/test/die_obverse_0001/L0101D.ply,icp,0.001,10,0.01,0.899194,20,72366.4,0,0.985297,0.00443056,-0.170793,-0.00978997,0.999485,-0.0305502,0.17057,0.0317731,0.984833,0.00224144,0.000467121,-0.00973436
Riedones3D_Registration_Benchmark/test/die_obverse_0001/L0101D.ply,gicp,0.001,10,0.01,0.00173278,6,75711.3,54900.5,0.985297,0.00443056,-0.170793,-0.00978997,0.999485,-0.0305502,0.17057,0.0317731,0.984833,0.00224144,0.000467121,-0.00973436
Riedones3D_Registration_Benchmark/test/die_obverse_0001/L0101D.ply,icp,0.001,50,0,1.03589,20,88593.8,0,0.994152,0.104903,-0.0256558,-0.0483864,0.64506,0.762598,0.0965481,-0.756897,0.646363,0,0,0
Riedones3D_Registration_Benchmark/test/die_obverse_0001/L0101D.ply,gicp,0.001,50,0,19.1368,20,476699,54961.2,0.994152,0.104903,-0.0256558,-0.0483864,0.64506,0.762598,0.0965481,-0.756897,0.646363,0,0,0
Riedones3D_Registration_Benchmark/test/die_obverse_0001/L0101D.ply,icp,0.001,50,0.005,3.17324,20,85180.2,0,0.774933,0.415135,-0.476595,-0.103105,0.826984,0.552691,0.623577,-0.379159,0.683659,0.000931127,0.00293487,-0.00393949
Riedones3D_Registration_Benchmark/test/die_obverse_0001/L0101D.ply,gicp,0.001,50,0.005,0.00173122,15,229879,55058.7,0.774933,0.415135,-0.476595,-0.103105,0.826984,0.552691,0.623577,-0.379159,0.683659,0.000931127,0.00293487,-0.00393949
Riedones3D_Registration_Benchmark/test/die_obverse_0001/L0101D.ply,icp,0.001,50,0.01,3.80443,20,91006.2,0,0.861238,-0.410106,-0.300138,0.507043,0.653542,0.561952,-0.0343072,-0.636158,0.770796,0.00721881,-0.00445106,0.00529876
Riedones3D_Registration_Benchmark/test/die_obverse_0001/L0101D.ply,gicp,0.001,50,0.01,0.00173141,18,253327,54922,0.861238,-0.410106,-0.300138,0.507043,0.653542,0.561952,-0.0343072,-0.636158,0.770796,0.00721881,-0.00445106,0.00529876
Riedones3D_Registration_Benchmark/test/die_obverse_0001/L0101D.ply,icp,0.001,100,0,11.5121,20,156507,0,-0.100945,-0.125221,0.98698,0.64313,0.748691,0.160766,-0.759074,0.650985,0.0049574,0,0,0
Riedones3D_Registration_Benchmark/test/die_obverse_0001/L0101D.ply,gicp,0.001,100,0,22.5131,20,469034,54910.9,-0.100945,-0.125221,0.98698,0.64313,0.748691,0.160766,-0.759074,0.650985,0.0049574,0,0,0
Riedones3D_Registration_Benchmark/test/die_obverse_0001/L0101D.ply,icp,0.001,100,0.005,12.2408,20,77580.4,0,-0.165494,0.93057,-0.326575,-0.976632,-0.108599,0.185463,0.137121,0.349637,0.926797,-0.00165726,-0.00179252,0.00436353
Riedones3D_Registration_Benchmark/test/die_obverse_0001/L0101D.ply,gicp,0.001,100,0.005,13.3067,20,268929,54831.3,-0.165494,0.93057,-0.326575,-0.976632,-0.108599,0.185463,0.137121,0.349637,0.926797,-0.00165726,-0.00179252,0.00436353
Riedones3D_Registration_Benchmark/test/die_obverse_0001/L0101D.ply,icp,0.001,100,0.01,7.7128,20,98235.6,0,0.141151,0.302198,0.942737,-0.978176,0.189239,0.0857953,-0.152475,-0.934272,0.322314,-0.00529819,0.00261634,-0.00806746
Riedones3D_Registration_Benchmark/test/die_obverse_0001/L0101D.ply,gicp,0.001,100,0.01,32.5418,20,467704,54941.2,0.141151,0.302198,0.942737,-0.978176,0.189239,0.0857953,-0.152475,-0.934272,0.322314,-0.00529819,0.00261634,-0.00806746
Riedones3D_Registration_Benchmark/test/die_obverse_beard_0002b/L0010D.ply,icp,0,10,0,1.28012,20,3687.23,0,0.987424,-0.133484,-0.0847121,0.12699,0.988838,-0.0779271,0.0941686,0.0661895,0.993354,0,0,0
Riedones3D_Registration_Benchmark/test/die_obverse_beard_0002b/L0010D.ply,gicp,0,10,0,2.81314e-15,7,6733.67,4382.78,0.987424,-0.133484,-0.0847121,0.12699,0.988838,-0.0779271,0.0941686,0.0661895,0.993354,0,0,0
Riedones3D_Registration_Benchmark/test/die_obverse_beard_0002b/L0010D.ply,icp,0,10,0.005,0.474019,20,3906.74,0,0.988412,0.0269777,0.149378,-0.0141717,0.996182,-0.0861388,-0.151131,0.0830237,0.985021,0.00276752,-0.00414116,-0.00043774
Riedones3D_Registration_Benchmark/test/die_obverse_beard_0002b/L0010D.ply,gicp,0,10,0.005,6.99873e-11,5,5013.21,4381.71,0.988412,0.0269777,0.149378,-0.0141717,0.996182,-0.0861388,-0.151131,0.0830237,0.985021,0.00276752,-0.00414116,-0.00043774
Riedones3D_Registration_Benchmark/test/die_obverse_beard_0002b/L0010D.ply,icp,0,10,0.01,0.937454,20,3802.16,0,0.985646,-0.0524915,0.160458,0.0458552,0.997944,0.044788,-0.162479,-0.0367873,0.986026,0.00147232,0.0097466,-0.00168406
Riedones3D_Registration_Benchmark/test/die_obverse_beard_0002b/L0010D.ply,gicp,0,10,0.01,1.4862e-10,6,5945.61,4384.09,0.985646,-0.0524915,0.160458,0.0458552,0.997944,0.044788,-0.162479,-0.0367873,0.986026,0.00147232,0.0097466,-0.00168406
Riedones3D_Registration_Benchmark/test/die_obverse_beard_0002b/L0010D.ply,icp,0,50,0,4.30227,20,4522.45,0,0.674922,0.483194,0.557677,-0.617654,0.783444,0.0687011,-0.403713,-0.39082,0.82721,0,0,0
Riedones3D_Registration_Benchmark/test/die_obverse_beard_0002b/L0010D.ply,gicp,0,50,0,3.39284e-15,15,15235.6,4399.22,0.674922,0.483194,0.557677,-0.617654,0.783444,0.0687011,-0.403713,-0.39082,0.82721,0,0,0
Riedones3D_Registration_Benchmark/test/die_obverse_beard_0002b/L0010D.ply,icp,0,50,0.005,3.62031,20,4613.43,0,0.652858,0.469825,0.594172,-0.556575,0.829608,-0.0444413,-0.51381,-0.301688,0.803109,0.00214521,0.00451416,0.000143152
Riedones3D_Registration_Benchmark/test/die_obverse_beard_0002b/L0010D.ply,gicp,0,50,0.005,3.53534e-13,14,14309,4393.9,0.652858,0.469825,0.594172,-0.556575,0.829608,-0.0444413,-0.51381,-0.301688,0.803109,0.00214521,0.00451416,0.000143152
Riedones3D_Registration_Benchmark/test/die_obverse_beard_0002b/L0010D.ply,icp,0,50,0.01,7.33797,20,4251.36,0,0.682666,-0.683831,-0.257571,0.57306,0.719711,-0.391941,0.453399,0.119961,0.883198,0.00707259,0.00223196,0.00670796
Riedones3D_Registration_Benchmark/test/die_obverse_beard_0002b/L0010D.ply,gicp,0,50,0.01,0.654778,20,20093.2,4396.62,0.682666,-0.683831,-0.257571,0.57306,0.719711,-0.391941,0.453399,0.119961,0.883198,0.00707259,0.00223196,0.00670796
Riedones3D_Registration_Benchmark/test/die_obverse_beard_0002b/L0010D.ply,icp,0,100,0,9.48358,20,4436.23,0,0.0275585,-0.606438,0.794653,0.999618,0.0184305,-0.0206015,-0.00215234,0.794917,0.606715,0,0,0
Riedones3D_Registration_Benchmark/test/die_obverse_beard_0002b/L0010D.ply,gicp,0,100,0,9.40455,20,20615.7,4386.71,0.0275585,-0.606438,0.794653,0.999618,0.0184305,-0.0206015,-0.00215234,0.794917,0.606715,0,0,0
Riedones3D_Registration_Benchmark/test/die_obverse_beard_0002b/L0010D.ply,icp,0,100,0.005,15.4915,20,3918.01,0,-0.0337387,-0.89765,-0.439415,0.946955,-0.169304,0.273152,-0.31959,-0.406891,0.855747,-0.00464884,-0.00167049,0.000773171
Riedones3D_Registration_Benchmark/test/die_obverse_beard_0002b/L0010D.ply,gicp,0,100,0.005,12.7989,20,20828,4399.27,-0.0337387,-0.89765,-0.439415,0.946955,-0.169304,0.273152,-0.31959,-0.406891,0.855747,-0.00464884,-0.00167049,0.000773171
Riedones3D_Registration_Benchmark/test/die_obverse_beard_0002b/L0010D.ply,icp,0,100,0.01,11.7542,20,4474.96,0,0.470231,-0.83928,0.272931,0.374985,-0.0899483,-0.922657,0.798917,0.536207,0.272421,0.00801684,0.00184135,-0.0056868
Riedones3D_Registration_Benchmark/test/die_obverse_beard_0002b/L0010D.ply,gicp,0,100,0.01,9.87198,20,20807.1,4390.39,0.470231,-0.83928,0.272931,0.374985,-0.0899483,-0.922657,0.798917,0.536207,0.272421,0.00801684,0.00184135,-0.0056868
Riedones3D_Registration_Benchmark/test/die_obverse_beard_0002b/L0010D.ply,icp,0.0005,10,0,1.49294,20,3783.78,0,0.984927,0.160942,-0.0633811,-0.159942,0.986912,0.0205818,0.065864,-0.0101343,0.997777,0,0,0
Riedones3D_Registration_Benchmark/test/die_obverse_beard_0002b/L0010D.ply,gicp,0.0005,10,0,0.00086894,8,7709.88,4377.34,0.984927,0.160942,-0.0633811,-0.159942,0.986912,0.0205818,0.065864,-0.0101343,0.997777,0,0,0
Riedones3D_Registration_Benchmark/test/die_obverse_beard_0002b/L0010D.ply,icp,0.0005,10,0.005,0.351107,20,3607.46,0,0.990411,-0.0408807,-0.131968,0.0266669,0.993822,-0.107731,0.135557,0.103179,0.985382,-0.00204705,0.000637841,-0.00451694
Riedones3D_Registration_Benchmark/test/die_obverse_beard_0002b/L0010D.ply,gicp,0.0005,10,0.005,0.000868604,5,4858.62,4378.09,0.990411,-0.0408807,-0.131968,0.0266669,0.993822,-0.107731,0.135557,0.103179,0.985382,-0.00204705,0.000637841,-0.00451694
Riedones3D_Registration_Benchmark/test/die_obverse_beard_0002b/L0010D.ply,icp,0.0005,10,0.01,0.922504,20,3798.5,0,0.992367,0.0695076,-0.101861,-0.0815051,0.989568,-0.118795,0.0925409,0.126191,0.98768,-0.00939054,0.00332136,-0.000886745
Riedones3D_Registration_Benchmark/test/die_obverse_beard_0002b/L0010D.ply,gicp,0.0005,10,0.01,0.000861196,7,6729.94,4373.58,0.992367,0.0695076,-0.101861,-0.0815051,0.989568,-0.118795,0.0925409,0.126191,0.98768,-0.00939054,0.00332136,-0.000886745
Riedones3D_Registration_Benchmark/test/die_obverse_beard_0002b/L0010D.ply,icp,0.0005,50,0,7.72817,20,4702.97,0,0.642921,0.748242,-0.163665,-0.745176,0.66046,0.0922311,0.177106,0.0626622,0.982195,0,0,0
Riedones3D_Registration_Benchmark/test/die_obverse_beard_0002b/L0010D.ply,gicp,0.0005,50,0,0.000866065,20,19844.2,4375.76,0.642921,0.748242,-0.163665,-0.745176,0.66046,0.0922311,0.177106,0.0626622,0.982195,0,0,0
Riedones3D_Registration_Benchmark/test/die_obverse_beard_0002b/L0010D.ply,icp,0.0005,50,0.005,6.79256,20,4847.3,0,0.80932,0.572066,-0.133197,-0.543769,0.64399,-0.538138,-0.222073,0.507954,0.832266,0.000801995,-0.00480377,-0.00113164
Riedones3D_Registration_Benchmark/test/die_obverse_beard_0002b/L0010D.ply,gicp,0.0005,50,0.005,0.000867059,19,19467.3,4386.07,0.80932,0.572066,-0.133197,-0.543769,0.64399,-0.538138,-0.222073,0.507954,0.832266,0.000801995,-0.00480377,-0.00113164
Riedones3D_Registration_Benchmark/test/die_obverse_beard_0002b/L0010D.ply,icp,0.0005,50,0.01,7.36544,20,4647.48,0,0.728935,0.559783,-0.394076,-0.675491,0.68164,-0.28121,0.111202,0.471179,0.875,0.00349574,0.00510826,0.00785401
Riedones3D_Registration_Benchmark/test/die_obverse_beard_0002b/L0010D.ply,gicp,0.0005,50,0.01,0.000869445,20,20060.3,4387.53,0.728935,0.559783,-0.394076,-0.675491,0.68164,-0.28121,0.111202,0.471179,0.875,0.00349574,0.00510826,0.00785401
Riedones3D_Registration_Benchmark/test/die_obverse_beard_0002b/L0010D.ply,icp,0.0005,100,0,9.47629,20,4515.98,0,0.818309,0.276025,0.504163,-0.476928,-0.163476,0.863606,0.320796,-0.947146,-0.0021295,0,0,0
Riedones3D_Registration_Benchmark/test/die_obverse_beard_0002b/L0010D.ply,gicp,0.0005,100,0,10.7745,20,21307,4391.17,0.818309,0.276025,0.504163,-0.476928,-0.163476,0.863606,0.320796,-0.947146,-0.0021295,0,0,0
Riedones3D_Registration_Benchmark/test/die_obverse_beard_0002b/L0010D.ply,icp,0.0005,100,0.005,12.0383,20,4869.55,0,-0.147566,0.827889,-0.541132,-0.590837,0.364982,0.719514,0.793181,0.425897,0.435288,-9.32869e-05,0.000631797,0.00495905
Riedones3D_Registration_Benchmark/test/die_obverse_beard_0002b/L0010D.ply,gicp,0.0005,100,0.005,2.79228,20,20592.4,4391.54,-0.147566,0.827889,-0.541132,-0.590837,0.364982,0.719514,0.793181,0.425897,0.435288,-9.32869e-05,0.000631797,0.00495905
Riedones3D_Registration_Benchmark/test/die_obverse_beard_0002b/L0010D.ply,icp,0.0005,100,0.01,4.46431,20,4972.36,0,0.144195,0.0567659,0.98792,0.859766,0.48708,-0.153478,-0.489908,0.871511,0.021429,-0.00226384,-0.00972948,0.000460728
Riedones3D_Registration_Benchmark/test/die_obverse_beard_0002b/L0010D.ply,gicp,0.0005,100,0.01,4.75507,20,21142.1,4395.6,0.144195,0.0567659,0.98792,0.859766,0.48708,-0.153478,-0.489908,0.871511,0.021429,-0.00226384,-0.00972948,0.000460728
Riedones3D_Registration_Benchmark/test/die_obverse_beard_0002b/L0010D.ply,icp,0.001,10,0,0.981372,20,3728.37,0,0.985434,-0.103701,0.134783,0.108422,0.993706,-0.0281473,-0.131015,0.0423507,0.990475,0,0,0
Riedones3D_Registration_Benchmark/test/die_obverse_beard_0002b/L0010D.ply,gicp,0.001,10,0,0.00172881,7,6839.22,4373.8,0.985434,-0.103701,0.134783,0.108422,0.993706,-0.0281473,-0.131015,0.0423507,0.990475,0,0,0
Riedones3D_Registration_Benchmark/test/die_obverse_beard_0002b/L0010D.ply,icp,0.001,10,0.005,1.16285,20,3647.51,0,0.987307,0.143211,-0.0686722,-0.137984,0.987542,0.075646,0.07865,-0.0652102,0.994767,0.00298397,-0.000310143,-0.00399997
Riedones3D_Registration_Benchmark/test/die_obverse_beard_0002b/L0010D.ply,gicp,0.001,10,0.005,0.00173037,7,6739.56,4383.18,0.987307,0.143211,-0.0686722,-0.137984,0.987542,0.075646,0.07865,-0.0652102,0.994767,0.00298397,-0.000310143,-0.00399997
Riedones3D_Registration_Benchmark/test/die_obverse_beard_0002b/L0010D.ply,icp,0.001,10,0.01,0.58008,20,3692.58,0,0.993168,-0.0529112,0.10401,0.0659113,0.989862,-0.125817,-0.0962981,0.131812,0.986586,-0.00987825,-0.0015549,5.03897e-05
Riedones3D_Registration_Benchmark/test/die_obverse_beard_0002b/L0010D.ply,gicp,0.001,10,0.01,0.00173047,6,5856.21,4377.15,0.993168,-0.0529112,0.10401,0.0659113,0.989862,-0.125817,-0.0962981,0.131812,0.986586,-0.00987825,-0.0015549,5.03897e-05
Riedones3D_Registration_Benchmark/test/die_obverse_beard_0002b/L0010D.ply,icp,0.001,50,0,6.22985,20,4473.96,0,0.643852,-0.461546,-0.61027,0.429907,0.878,-0.210466,0.632957,-0.126851,0.763724,0,0,0
Riedones3D_Registration_Benchmark/test/die_obverse_beard_0002b/L0010D.ply,gicp,0.001,50,0,0.637739,20,20315,4394.39,0.643852,-0.461546,-0.61027,0.429907,0.878,-0.210466,0.632957,-0.126851,0.763724,0,0,0
Riedones3D_Registration_Benchmark/test/die_obverse_beard_0002b/L0010D.ply,icp,0.001,50,0.005,5.13781,20,4540.9,0,0.795281,0.210033,-0.568696,-0.49145,0.772622,-0.40191,0.354973,0.599117,0.717672,-0.00409906,0.00278277,0.000673735
Riedones3D_Registration_Benchmark/test/die_obverse_beard_0002b/L0010D.ply,gicp,0.001,50,0.005,0.00173993,17,17307.3,4389.45,0.795281,0.210033,-0.568696,-0.49145,0.772622,-0.40191,0.354973,0.599117,0.717672,-0.00409906,0.00278277,0.000673735
Riedones3D_Registration_Benchmark/test/die_obverse_beard_0002b/L0010D.ply,icp,0.001,50,0.01,4.86195,20,4715.95,0,0.645452,0.57625,0.501325,-0.614701,0.781488,-0.106862,-0.453359,-0.239191,0.858635,-0.00387134,-0.00818425,-0.00424626
Riedones3D_Registration_Benchmark/test/die_obverse_beard_0002b/L0010D.ply,gicp,0.001,50,0.01,0.00173118,16,16345.1,4394.91,0.645452,0.57625,0.501325,-0.614701,0.781488,-0.106862,-0.453359,-0.239191,0.858635,-0.00387134,-0.00818425,-0.00424626
Riedones3D_Registration_Benchmark/test/die_obverse_beard_0002b/L0010D.ply,icp,0.001,100,0,7.60984,20,5082.44,0,-0.0240437,0.940772,0.338186,-0.408675,0.299478,-0.862147,-0.912363,-0.158937,0.377269,0,0,0
Riedones3D_Registration_Benchmark/test/die_obverse_beard_0002b/L0010D.ply,gicp,0.001,100,0,0.00173169,20,21297.9,4387.14,-0.0240437,0.940772,0.338186,-0.408675,0.299478,-0.862147,-0.912363,-0.158937,0.377269,0,0,0
Riedones3D_Registration_Benchmark/test/die_obverse_beard_0002b/L0010D.ply,icp,0.001,100,0.005,12.5852,20,6562.23,0,0.383347,0.427143,-0.818898,0.720054,0.417048,0.554611,0.578418,-0.802259,-0.147692,0.00150001,-0.000514383,0.00474188
Riedones3D_Registration_Benchmark/test/die_obverse_beard_0002b/L0010D.ply,gicp,0.001,100,0.005,30.8264,20,30155.8,4393.95,0.383347,0.427143,-0.818898,0.720054,0.417048,0.554611,0.578418,-0.802259,-0.147692,0.00150001,-0.000514383,0.00474188
Riedones3D_Registration_Benchmark/test/die_obverse_beard_0002b/L0010D.ply,icp,0.001,100,0.01,13.9998,20,5501.79,0,0.533174,-0.0409877,-0.845012,0.845636,0.0553553,0.530882,0.0250162,-0.997625,0.0641746,0.00852738,0.00180879,0.0049002
Riedones3D_Registration_Benchmark/test/die_obverse_beard_0002b/L0010D.ply,gicp,0.001,100,0.01,17.6845,20,24126.7,4385.06,0.533174,-0.0409877,-0.845012,0.845636,0.0553553,0.530882,0.0250162,-0.997625,0.0641746,0.00852738,0.00180879,0.0049002
Riedones3D_Registration_Benchmark/test/die_obverse_beard_0001a/L0051D.ply,icp,0,10,0,0.555897,20,4833.83,0,0.997272,0.0251571,-0.0694008,-0.0357737,0.987069,-0.156256,0.0645724,0.158312,0.985275,0,0,0
Riedones3D_Registration_Benchmark/test/die_obverse_beard_0001a/L0051D.ply,gicp,0,10,0,3.68601e-15,6,7236.89,5397.16,0.997272,0.0251571,-0.0694008,-0.0357737,0.987069,-0.156256,0.0645724,0.158312,0.985275,0,0,0
Riedones3D_Registration_Benchmark/test/die_obverse_beard_0001a/L0051D.ply,icp,0,10,0.005,0.609786,20,4229.45,0,0.985667,0.100415,-0.135563,-0.105967,0.993776,-0.0343611,0.131269,0.0482338,0.990173,0.00286465,0.0024469,0.00328732
Riedones3D_Registration_Benchmark/test/die_obverse_beard_0001a/L0051D.ply,gicp,0,10,0.005,6.22665e-13,6,7082.38,5391.03,0.985667,0.100415,-0.135563,-0.105967,0.993776,-0.0343611,0.131269,0.0482338,0.990173,0.00286465,0.0024469,0.00328732
Riedones3D_Registration_Benchmark/test/die_obverse_beard_0001a/L0051D.ply,icp,0,10,0.01,0.541018,20,4908.08,0,0.999834,-0.0147658,0.010657,0.0163845,0.984851,-0.172625,-0.0079466,0.172771,0.98493,0.00865453,-0.0002,-0.00500591
Riedones3D_Registration_Benchmark/test/die_obverse_beard_0001a/L0051D.ply,gicp,0,10,0.01,1.61041e-11,5,6089.3,5396.35,0.999834,-0.0147658,0.010657,0.0163845,0.984851,-0.172625,-0.0079466,0.172771,0.98493,0.00865453,-0.0002,-0.00500591
Riedones3D_Registration_Benchmark/test/die_obverse_beard_0001a/L0051D.ply,icp,0,50,0,4.56167,20,6176.98,0,0.855994,-0.511924,0.0721705,0.348284,0.674187,0.651284,-0.382064,-0.532359,0.755395,0,0,0
Riedones3D_Registration_Benchmark/test/die_obverse_beard_0001a/L0051D.ply,gicp,0,50,0,3.50266e-15,18,22648.4,5411.4,0.855994,-0.511924,0.0721705,0.348284,0.674187,0.651284,-0.382064,-0.532359,0.755395,0,0,0
Riedones3D_Registration_Benchmark/test/die_obverse_beard_0001a/L0051D.ply,icp,0,50,0.005,3.31789,20,6075.19,0,0.753215,0.0849955,0.65226,-0.391205,0.855063,0.340332,-0.528796,-0.511511,0.677297,0.00297596,0.00300402,-0.00266825
Riedones3D_Registration_Benchmark/test/die_obverse_beard_0001a/L0051D.ply,gicp,0,50,0.005,7.9275e-11,17,21549.2,5399.6,0.753215,0.0849955,0.65226,-0.391205,0.855063,0.340332,-0.528796,-0.511511,0.677297,0.00297596,0.00300402,-0.00266825
Riedones3D_Registration_Benchmark/test/die_obverse_beard_0001a/L0051D.ply,icp,0,50,0.01,0.645024,20,5409.95,0,0.703139,-0.0406381,0.70989,0.300244,0.921965,-0.244611,-0.644553,0.385136,0.660471,0.00889179,0.00217983,-0.00402299
Riedones3D_Registration_Benchmark/test/die_obverse_beard_0001a/L0051D.ply,gicp,0,50,0.01,1.81778e-12,9,11524.9,5415.64,0.703139,-0.0406381,0.70989,0.300244,0.921965,-0.244611,-0.644553,0.385136,0.660471,0.00889179,0.00217983,-0.00402299
Riedones3D_Registration_Benchmark/test/die_obverse_beard_0001a/L0051D.ply,icp,0,100,0,12.1143,20,8042.36,0,0.441574,-0.373032,-0.816002,-0.752569,0.341198,-0.563226,0.48852,0.862804,-0.130069,0,0,0
Riedones3D_Registration_Benchmark/test/die_obverse_beard_0001a/L0051D.ply,gicp,0,100,0,12.1861,20,29060.1,5410.5,0.441574,-0.373032,-0.816002,-0.752569,0.341198,-0.563226,0.48852,0.862804,-0.130069,0,0,0
Riedones3D_Registration_Benchmark/test/die_obverse_beard_0001a/L0051D.ply,icp,0,100,0.005,9.93693,20,6270.61,0,0.366362,-0.845219,-0.389082,0.557571,-0.135343,0.819022,-0.744912,-0.516999,0.421685,0.00468838,-0.00106277,-0.00137462
Riedones3D_Registration_Benchmark/test/die_obverse_beard_0001a/L0051D.ply,gicp,0,100,0.005,6.11008,20,25982.3,5407.3,0.366362,-0.845219,-0.389082,0.557571,-0.135343,0.819022,-0.744912,-0.516999,0.421685,0.00468838,-0.00106277,-0.00137462
Riedones3D_Registration_Benchmark/test/die_obverse_beard_0001a/L0051D.ply,icp,0,100,0.01,9.70456,20,5965.58,0,-0.072635,0.406455,-0.910779,-0.885406,0.394085,0.246481,0.459108,0.824313,0.331253,-0.00331562,0.00941165,-0.000653883
Riedones3D_Registration_Benchmark/test/die_obverse_beard_0001a/L0051D.ply,gicp,0,100,0.01,6.00247,20,26299.5,5419.75,-0.072635,0.406455,-0.910779,-0.885406,0.394085,0.246481,0.459108,0.824313,0.331253,-0.00331562,0.00941165,-0.000653883
Riedones3D_Registration_Benchmark/test/die_obverse_beard_0001a/L0051D.ply,icp,0.0005,10,0,1.69454,20,4878.81,0,0.986744,0.161639,0.0144639,-0.160422,0.984999,-0.0635726,-0.0245228,0.0604096,0.997872,0,0,0
Riedones3D_Registration_Benchmark/test/die_obverse_beard_0001a/L0051D.ply,gicp,0.0005,10,0,0.000866102,9,10681.9,5391.56,0.986744,0.161639,0.0144639,-0.160422,0.984999,-0.0635726,-0.0245228,0.0604096,0.997872,0,0,0
Riedones3D_Registration_Benchmark/test/die_obverse_beard_0001a/L0051D.ply,icp,0.0005,10,0.005,0.626439,20,4949.73,0,0.9991,0.00771336,0.0417043,-0.0146304,0.985645,0.168198,-0.0398083,-0.168657,0.984871,-0.0029628,0.0039357,0.000855621
Riedones3D_Registration_Benchmark/test/die_obverse_beard_0001a/L0051D.ply,gicp,0.0005,10,0.005,0.000868013,6,7411.66,5408.05,0.9991,0.00771336,0.0417043,-0.0146304,0.985645,0.168198,-0.0398083,-0.168657,0.984871,-0.0029628,0.0039357,0.000855621
Riedones3D_Registration_Benchmark/test/die_obverse_beard_0001a/L0051D.ply,icp,0.0005,10,0.01,0.547766,20,4615.83,0,0.985105,-0.0170631,0.171107,0.0128733,0.99959,0.0255659,-0.171473,-0.0229823,0.984921,0.000317994,0.00564716,0.00824673
Riedones3D_Registration_Benchmark/test/die_obverse_beard_0001a/L0051D.ply,gicp,0.0005,10,0.01,0.000868211,6,7097.62,5407.37,0.985105,-0.0170631,0.171107,0.0128733,0.99959,0.0255659,-0.171473,-0.0229823,0.984921,0.000317994,0.00564716,0.00824673
Riedones3D_Registration_Benchmark/test/die_obverse_beard_0001a/L0051D.ply,icp,0.0005,50,0,2.38331,20,5452.21,0,0.789238,0.0888593,-0.607625,-0.407458,0.816063,-0.409901,0.459437,0.571091,0.680274,0,0,0
Riedones3D_Registration_Benchmark/test/die_obverse_beard_0001a/L0051D.ply,gicp,0.0005,50,0,0.000866432,12,14833.6,5411.94,0.789238,0.0888593,-0.607625,-0.407458,0.816063,-0.409901,0.459437,0.571091,0.680274,0,0,0
Riedones3D_Registration_Benchmark/test/die_obverse_beard_0001a/L0051D.ply,icp,0.0005,50,0.005,0.895297,20,5418.35,0,0.71176,-0.0698919,0.698937,0.339147,0.905566,-0.254815,-0.615123,0.418409,0.668249,0.00190038,0.000730716,0.00456668
Riedones3D_Registration_Benchmark/test/die_obverse_beard_0001a/L0051D.ply,gicp,0.0005,50,0.005,0.000864908,8,10274.4,5412.76,0.71176,-0.0698919,0.698937,0.339147,0.905566,-0.254815,-0.615123,0.418409,0.668249,0.00190038,0.000730716,0.00456668
Riedones3D_Registration_Benchmark/test/die_obverse_beard_0001a/L0051D.ply,icp,0.0005,50,0.01,1.65609,20,5256.91,0,0.716441,-0.0341315,-0.696812,-0.251223,0.919174,-0.303323,0.650845,0.392369,0.64996,-0.00773335,-0.00487373,0.00405487
Riedones3D_Registration_Benchmark/test/die_obverse_beard_0001a/L0051D.ply,gicp,0.0005,50,0.01,0.000863982,9,11227.5,5409.86,0.716441,-0.0341315,-0.696812,-0.251223,0.919174,-0.303323,0.650845,0.392369,0.64996,-0.00773335,-0.00487373,0.00405487
Riedones3D_Registration_Benchmark/test/die_obverse_beard_0001a/L0051D.ply,icp,0.0005,100,0,6.07445,20,6071.98,0,0.513413,0.261176,0.817432,-0.838,-0.0525796,0.543131,0.184833,-0.963858,0.19187,0,0,0
Riedones3D_Registration_Benchmark/test/die_obverse_beard_0001a/L0051D.ply,gicp,0.0005,100,0,6.3154,20,27204.4,5402.95,0.513413,0.261176,0.817432,-0.838,-0.0525796,0.543131,0.184833,-0.963858,0.19187,0,0,0
Riedones3D_Registration_Benchmark/test/die_obverse_beard_0001a/L0051D.ply,icp,0.0005,100,0.005,1.59684,20,6571.29,0,0.980966,0.148222,0.125445,-0.0991489,-0.173127,0.979896,0.16696,-0.973682,-0.155135,0.00283821,-0.00312879,-0.00267493
Riedones3D_Registration_Benchmark/test/die_obverse_beard_0001a/L0051D.ply,gicp,0.0005,100,0.005,11.9486,20,31282.9,5401.64,0.980966,0.148222,0.125445,-0.0991489,-0.173127,0.979896,0.16696,-0.973682,-0.155135,0.00283821,-0.00312879,-0.00267493
Riedones3D_Registration_Benchmark/test/die_obverse_beard_0001a/L0051D.ply,icp,0.0005,100,0.01,12.7812,20,6060.86,0,0.00932423,-0.953746,-0.30047,0.839465,-0.155804,0.5206,-0.543334,-0.257088,0.799183,0.00915999,-0.00111005,-0.00385517
Riedones3D_Registration_Benchmark/test/die_obverse_beard_0001a/L0051D.ply,gicp,0.0005,100,0.01,13.072,20,25687.1,5406.28,0.00932423,-0.953746,-0.30047,0.839465,-0.155804,0.5206,-0.543334,-0.257088,0.799183,0.00915999,-0.00111005,-0.00385517
Riedones3D_Registration_Benchmark/test/die_obverse_beard_0001a/L0051D.ply,icp,0.001,10,0,0.371838,20,4560.1,0,0.984824,-0.0350478,0.169982,0.0340825,0.999382,0.00859392,-0.170178,-0.00267008,0.98541,0,0,0
Riedones3D_Registration_Benchmark/test/die_obverse_beard_0001a/L0051D.ply,gicp,0.001,10,0,0.00173319,6,7071.13,5407.45,0.984824,-0.0350478,0.169982,0.0340825,0.999382,0.00859392,-0.170178,-0.00267008,0.98541,0,0,0
Riedones3D_Registration_Benchmark/test/die_obverse_beard_0001a/L0051D.ply,icp,0.001,10,0.005,0.623823,20,4942.41,0,0.998422,-0.0169107,0.0535548,0.00787,0.986309,0.164722,-0.0556071,-0.16404,0.984885,-0.00165357,0.000541466,-0.00468749
Riedones3D_Registration_Benchmark/test/die_obverse_beard_0001a/L0051D.ply,gicp,0.001,10,0.005,0.00173093,7,8551.31,5407.01,0.998422,-0.0169107,0.0535548,0.00787,0.986309,0.164722,-0.0556071,-0.16404,0.984885,-0.00165357,0.000541466,-0.00468749
Riedones3D_Registration_Benchmark/test/die_obverse_beard_0001a/L0051D.ply,icp,0.001,10,0.01,0.590977,20,4521.58,0,0.989157,-0.0844332,0.120167,0.0728388,0.992536,0.0978144,-0.127529,-0.088001,0.987923,-0.00237741,0.00393397,0.00888098
Riedones3D_Registration_Benchmark/test/die_obverse_beard_0001a/L0051D.ply,gicp,0.001,10,0.01,0.00173829,6,7196.14,5408.81,0.989157,-0.0844332,0.120167,0.0728388,0.992536,0.0978144,-0.127529,-0.088001,0.987923,-0.00237741,0.00393397,0.00888098
Riedones3D_Registration_Benchmark/test/die_obverse_beard_0001a/L0051D.ply,icp,0.001,50,0,2.81741,20,5035.48,0,0.648473,0.288622,-0.7044,-0.369224,0.928457,0.040518,0.6657,0.233807,0.708645,0,0,0
Riedones3D_Registration_Benchmark/test/die_obverse_beard_0001a/L0051D.ply,gicp,0.001,50,0,0.00172654,14,17090.9,5410.12,0.648473,0.288622,-0.7044,-0.369224,0.928457,0.040518,0.6657,0.233807,0.708645,0,0,0
Riedones3D_Registration_Benchmark/test/die_obverse_beard_0001a/L0051D.ply,icp,0.001,50,0.005,2.75393,20,5407.49,0,0.836516,-0.17612,0.518867,0.457734,0.74513,-0.485037,-0.301199,0.643244,0.703929,0.0037691,-0.000138825,0.00328247
Riedones3D_Registration_Benchmark/test/die_obverse_beard_0001a/L0051D.ply,gicp,0.001,50,0.005,0.00173119,13,16283,5405.83,0.836516,-0.17612,0.518867,0.457734,0.74513,-0.485037,-0.301199,0.643244,0.703929,0.0037691,-0.000138825,0.00328247
Riedones3D_Registration_Benchmark/test/die_obverse_beard_0001a/L0051D.ply,icp,0.001,50,0.01,0.900123,20,5442.23,0,0.733423,-0.0494935,0.677968,0.346156,0.885542,-0.309823,-0.585035,0.461915,0.66661,-0.00325884,0.00525881,0.00785652
Riedones3D_Registration_Benchmark/test/die_obverse_beard_0001a/L0051D.ply,gicp,0.001,50,0.01,0.00173472,8,10287,5411.29,0.733423,-0.0494935,0.677968,0.346156,0.885542,-0.309823,-0.585035,0.461915,0.66661,-0.00325884,0.00525881,0.00785652
Riedones3D_Registration_Benchmark/test/die_obverse_beard_0001a/L0051D.ply,icp,0.001,100,0,3.43279,20,6307.69,0,0.437517,-0.8249,0.357935,-0.230421,0.281917,0.931359,-0.869186,-0.489961,-0.0667305,0,0,0
Riedones3D_Registration_Benchmark/test/die_obverse_beard_0001a/L0051D.ply,gicp,0.001,100,0,0.00173149,18,24455.6,5402.89,0.437517,-0.8249,0.357935,-0.230421,0.281917,0.931359,-0.869186,-0.489961,-0.0667305,0,0,0
Riedones3D_Registration_Benchmark/test/die_obverse_beard_0001a/L0051D.ply,icp,0.001,100,0.005,6.30986,20,6511.19,0,0.365059,0.143223,-0.919902,0.869067,0.301902,0.39189,0.333848,-0.942519,-0.0142578,0.00424725,0.00212067,0.00156959
Riedones3D_Registration_Benchmark/test/die_obverse_beard_0001a/L0051D.ply,gicp,0.001,100,0.005,13.4611,20,29412.6,5397.86,0.365059,0.143223,-0.919902,0.869067,0.301902,0.39189,0.333848,-0.942519,-0.0142578,0.00424725,0.00212067,0.00156959
Riedones3D_Registration_Benchmark/test/die_obverse_beard_0001a/L0051D.ply,icp,0.001,100,0.01,13.1985,20,6177.66,0,-0.157563,-0.987503,-0.00347871,0.950744,-0.152648,0.269786,-0.266946,0.0392009,0.962914,0.00279571,-0.00472593,-0.00835761
Riedones3D_Registration_Benchmark/test/die_obverse_beard_0001a/L0051D.ply,gicp,0.001,100,0.01,15.3318,20,26478.5,5409.19,-0.157563,-0.987503,-0.00347871,0.950744,-0.152648,0.269786,-0.266946,0.0392009,0.962914,0.00279571,-0.00472593,-0.00835761
Riedones3D_Registration_Benchmark/test/die_reverse_0007/L0035R.ply,icp,0,10,0,1.55602,20,4323.02,0,0.987454,-0.14223,-0.0685949,0.136848,0.987544,-0.0776538,0.0787851,0.0672925,0.994618,0,0,0
Riedones3D_Registration_Benchmark/test/die_reverse_0007/L0035R.ply,gicp,0,10,0,3.08593e-15,9,9575.98,4855.32,0.987454,-0.14223,-0.0685949,0.136848,0.987544,-0.0776538,0.0787851,0.0672925,0.994618,0,0,0
Riedones3D_Registration_Benchmark/test/die_reverse_0007/L0035R.ply,icp,0,10,0.005,1.22836,20,4351.62,0,0.986746,-0.124388,-0.104215,0.130652,0.989869,0.0555773,0.0962465,-0.0684566,0.993001,-0.00427486,0.00106341,0.00236533
Riedones3D_Registration_Benchmark/test/die_reverse_0007/L0035R.ply,gicp,0,10,0.005,1.62964e-14,7,7562.45,4851.46,0.986746,-0.124388,-0.104215,0.130652,0.989869,0.0555773,0.0962465,-0.0684566,0.993001,-0.00427486,0.00106341,0.00236533
Riedones3D_Registration_Benchmark/test/die_reverse_0007/L0035R.ply,icp,0,10,0.01,1.19908,20,4408.05,0,0.995938,0.0897155,0.00770592,-0.0898626,0.984808,0.148585,0.0057415,-0.148674,0.98887,0.00868429,-0.00321362,-0.00377568
Riedones3D_Registration_Benchmark/test/die_reverse_0007/L0035R.ply,gicp,0,10,0.01,1.01353e-10,9,9656.53,4850.14,0.995938,0.0897155,0.00770592,-0.0898626,0.984808,0.148585,0.0057415,-0.148674,0.98887,0.00868429,-0.00321362,-0.00377568
Riedones3D_Registration_Benchmark/test/die_reverse_0007/L0035R.ply,icp,0,50,0,2.40573,20,5096.02,0,0.991606,0.00697706,0.129106,-0.102677,0.649352,0.753525,-0.0785776,-0.760456,0.644617,0,0,0
Riedones3D_Registration_Benchmark/test/die_reverse_0007/L0035R.ply,gicp,0,50,0,4.37748e-15,16,18484.3,4867.83,0.991606,0.00697706,0.129106,-0.102677,0.649352,0.753525,-0.0785776,-0.760456,0.644617,0,0,0
Riedones3D_Registration_Benchmark/test/die_reverse_0007/L0035R.ply,icp,0,50,0.005,7.66786,20,5595.01,0,0.690646,0.706495,-0.154505,-0.615247,0.686282,0.387929,0.380104,-0.172863,0.908647,-0.000491188,-0.00189739,0.00459985
Riedones3D_Registration_Benchmark/test/die_reverse_0007/L0035R.ply,gicp,0,50,0.005,5.1579,20,22948.7,4871.88,0.690646,0.706495,-0.154505,-0.615247,0.686282,0.387929,0.380104,-0.172863,0.908647,-0.000491188,-0.00189739,0.00459985
Riedones3D_Registration_Benchmark/test/die_reverse_0007/L0035R.ply,icp,0,50,0.01,2.26504,20,5031.94,0,0.661265,-0.213871,0.719018,0.0582982,0.970249,0.234984,-0.747883,-0.113469,0.654061,-0.00564178,-0.00726516,0.00392272
Riedones3D_Registration_Benchmark/test/die_reverse_0007/L0035R.ply,gicp,0,50,0.01,4.7033e-15,15,16701.3,4871.73,0.661265,-0.213871,0.719018,0.0582982,0.970249,0.234984,-0.747883,-0.113469,0.654061,-0.00564178,-0.00726516,0.00392272
Riedones3D_Registration_Benchmark/test/die_reverse_0007/L0035R.ply,icp,0,100,0,4.40532,20,4862.05,0,0.116712,0.158823,-0.980384,-0.936305,0.346808,-0.0552808,0.331226,0.924391,0.189184,0,0,0
Riedones3D_Registration_Benchmark/test/die_reverse_0007/L0035R.ply,gicp,0,100,0,5.19408,20,22789.1,4867.93,0.116712,0.158823,-0.980384,-0.936305,0.346808,-0.0552808,0.331226,0.924391,0.189184,0,0,0
Riedones3D_Registration_Benchmark/test/die_reverse_0007/L0035R.ply,icp,0,100,0.005,5.17539,20,5254.87,0,-0.156541,0.424319,-0.891879,-0.658554,0.628136,0.414429,0.736071,0.652226,0.181108,0.00490162,-0.000379733,-0.000910987
Riedones3D_Registration_Benchmark/test/die_reverse_0007/L0035R.ply,gicp,0,100,0.005,4.7037,20,23102.7,4873.95,-0.156541,0.424319,-0.891879,-0.658554,0.628136,0.414429,0.736071,0.652226,0.181108,0.00490162,-0.000379733,-0.000910987
Riedones3D_Registration_Benchmark/test/die_reverse_0007/L0035R.ply,icp,0,100,0.01,12.3214,20,4802.97,0,0.941845,-0.213113,-0.259829,-0.288665,-0.11722,-0.950227,0.172049,0.96997,-0.171921,-0.00619473,0.00102037,0.00778359
Riedones3D_Registration_Benchmark/test/die_reverse_0007/L0035R.ply,gicp,0,100,0.01,12.222,20,24948.1,4864.14,0.941845,-0.213113,-0.259829,-0.288665,-0.11722,-0.950227,0.172049,0.96997,-0.171921,-0.00619473,0.00102037,0.00778359
Riedones3D_Registration_Benchmark/test/die_reverse_0007/L0035R.ply,icp,0.0005,10,0,1.54289,20,4440.57,0,0.991612,0.124333,-0.0353039,-0.119363,0.985715,0.118819,0.0495728,-0.113609,0.992288,0,0,0
Riedones3D_Registration_Benchmark/test/die_reverse_0007/L0035R.ply,gicp,0.0005,10,0,0.00086451,10,10760.1,4851.6,0.991612,0.124333,-0.0353039,-0.119363,0.985715,0.118819,0.0495728,-0.113609,0.992288,0,0,0
Riedones3D_Registration_Benchmark/test/die_reverse_0007/L0035R.ply,icp,0.0005,10,0.005,1.67399,20,4402.28,0,0.988621,0.15023,-0.00768039,-0.148982,0.98491,0.0880739,0.0207958,-0.0859275,0.996084,-0.00371538,-0.00150034,-0.00299081
Riedones3D_Registration_Benchmark/test/die_reverse_0007/L0035R.ply,gicp,0.0005,10,0.005,0.000867913,11,11756.9,4850.61,0.988621,0.15023,-0.00768039,-0.148982,0.98491,0.0880739,0.0207958,-0.0859275,0.996084,-0.00371538,-0.00150034,-0.00299081
Riedones3D_Registration_Benchmark/test/die_reverse_0007/L0035R.ply,icp,0.0005,10,0.01,1.18984,20,4248.96,0,0.985187,-0.110021,0.131537,0.106344,0.993724,0.034685,-0.134528,-0.0201831,0.990704,0.0097813,-0.00159476,-0.00133526
Riedones3D_Registration_Benchmark/test/die_reverse_0007/L0035R.ply,gicp,0.0005,10,0.01,0.000864853,9,9663.85,4856.71,0.985187,-0.110021,0.131537,0.106344,0.993724,0.034685,-0.134528,-0.0201831,0.990704,0.0097813,-0.00159476,-0.00133526
Riedones3D_Registration_Benchmark/test/die_reverse_0007/L0035R.ply,icp,0.0005,50,0,4.90537,20,5158.77,0,0.813783,0.343398,0.468865,-0.552666,0.706814,0.441559,-0.17977,-0.618459,0.764978,0,0,0
Riedones3D_Registration_Benchmark/test/die_reverse_0007/L0035R.ply,gicp,0.0005,50,0,1.4408,20,23146.4,4876.44,0.813783,0.343398,0.468865,-0.552666,0.706814,0.441559,-0.17977,-0.618459,0.764978,0,0,0
Riedones3D_Registration_Benchmark/test/die_reverse_0007/L0035R.ply,icp,0.0005,50,0.005,1.6745,20,4824.5,0,0.807305,-0.0967725,-0.582146,-0.255755,0.831636,-0.49292,0.531835,0.546823,0.646634,0.00225678,-0.0030013,0.00330138
Riedones3D_Registration_Benchmark/test/die_reverse_0007/L0035R.ply,gicp,0.0005,50,0.005,0.000867158,10,11204.2,4875.31,0.807305,-0.0967725,-0.582146,-0.255755,0.831636,-0.49292,0.531835,0.546823,0.646634,0.00225678,-0.0030013,0.00330138
Riedones3D_Registration_Benchmark/test/die_reverse_0007/L0035R.ply,icp,0.0005,50,0.01,5.4729,20,4810.03,0,0.713672,-0.69755,-0.0640044,0.614352,0.6672,-0.421208,0.336517,0.261283,0.904703,0.00113185,-0.00727194,-0.00677037
Riedones3D_Registration_Benchmark/test/die_reverse_0007/L0035R.ply,gicp,0.0005,50,0.01,9.88727,20,22535.2,4855.29,0.713672,-0.69755,-0.0640044,0.614352,0.6672,-0.421208,0.336517,0.261283,0.904703,0.00113185,-0.00727194,-0.00677037
Riedones3D_Registration_Benchmark/test/die_reverse_0007/L0035R.ply,icp,0.0005,100,0,12.0126,20,5326.5,0,0.127113,0.800524,-0.585665,-0.891387,-0.166786,-0.42144,-0.435053,0.575625,0.692376,0,0,0
Riedones3D_Registration_Benchmark/test/die_reverse_0007/L0035R.ply,gicp,0.0005,100,0,11.2682,20,22728.5,4869.49,0.127113,0.800524,-0.585665,-0.891387,-0.166786,-0.42144,-0.435053,0.575625,0.692376,0,0,0
Riedones3D_Registration_Benchmark/test/die_reverse_0007/L0035R.ply,icp,0.0005,100,0.005,11.0077,20,5447.07,0,-0.0646801,0.913518,0.401624,-0.442957,0.334361,-0.83186,-0.894207,-0.231707,0.383022,-0.000310337,0.00378661,0.00325043
Riedones3D_Registration_Benchmark/test/die_reverse_0007/L0035R.ply,gicp,0.0005,100,0.005,9.26224,20,22714.9,4865.89,-0.0646801,0.913518,0.401624,-0.442957,0.334361,-0.83186,-0.894207,-0.231707,0.383022,-0.000310337,0.00378661,0.00325043
Riedones3D_Registration_Benchmark/test/die_reverse_0007/L0035R.ply,icp,0.0005,100,0.01,12.3615,20,4859.37,0,0.0452233,-0.985859,0.161359,0.704286,-0.0830892,-0.705037,0.708474,0.145527,0.69057,-0.00762802,0.00434647,-0.00478763
Riedones3D_Registration_Benchmark/test/die_reverse_0007/L0035R.ply,gicp,0.0005,100,0.01,14.3487,20,23371.2,4873.93,0.0452233,-0.985859,0.161359,0.704286,-0.0830892,-0.705037,0.708474,0.145527,0.69057,-0.00762802,0.00434647,-0.00478763
Riedones3D_Registration_Benchmark/test/die_reverse_0007/L0035R.ply,icp,0.001,10,0,0.314672,20,4271.9,0,0.984886,0.00542643,0.173118,-0.00760218,0.9999,0.0119074,-0.173036,-0.0130436,0.984829,0,0,0
Riedones3D_Registration_Benchmark/test/die_reverse_0007/L0035R.ply,gicp,0.001,10,0,0.00172952,5,5426.08,4860.78,0.984886,0.00542643,0.173118,-0.00760218,0.9999,0.0119074,-0.173036,-0.0130436,0.984829,0,0,0
Riedones3D_Registration_Benchmark/test/die_reverse_0007/L0035R.ply,icp,0.001,10,0.005,1.0228,20,3819.79,0,0.991894,0.124535,-0.0252549,-0.126656,0.984966,-0.11747,0.0102461,0.119717,0.992755,0.00268162,-0.00374597,0.00194335
Riedones3D_Registration_Benchmark/test/die_reverse_0007/L0035R.ply,gicp,0.001,10,0.005,0.00173318,7,7401.66,4845.73,0.991894,0.124535,-0.0252549,-0.126656,0.984966,-0.11747,0.0102461,0.119717,0.992755,0.00268162,-0.00374597,0.00194335
Riedones3D_Registration_Benchmark/test/die_reverse_0007/L0035R.ply,icp,0.001,10,0.01,1.29567,20,4254.2,0,0.985332,-0.127439,0.113491,0.123684,0.991533,0.0395633,-0.117572,-0.0249459,0.992751,0.00954015,-0.00134596,0.00267843
Riedones3D_Registration_Benchmark/test/die_reverse_0007/L0035R.ply,gicp,0.001,10,0.01,0.00173153,9,9654.02,4855.58,0.985332,-0.127439,0.113491,0.123684,0.991533,0.0395633,-0.117572,-0.0249459,0.992751,0.00954015,-0.00134596,0.00267843
Riedones3D_Registration_Benchmark/test/die_reverse_0007/L0035R.ply,icp,0.001,50,0,1.09296,20,5335.47,0,0.904585,-0.159382,-0.395376,0.387845,0.692631,0.608144,0.176922,-0.703463,0.688359,0,0,0
Riedones3D_Registration_Benchmark/test/die_reverse_0007/L0035R.ply,gicp,0.001,50,0,0.00173066,9,10291.7,4862.55,0.904585,-0.159382,-0.395376,0.387845,0.692631,0.608144,0.176922,-0.703463,0.688359,0,0,0
Riedones3D_Registration_Benchmark/test/die_reverse_0007/L0035R.ply,icp,0.001,50,0.005,1.54512,20,5034.02,0,0.884994,0.2783,0.373276,0.0430423,0.749371,-0.66075,-0.463609,0.600826,0.65121,-0.000692221,0.00141647,-0.00474494
Riedones3D_Registration_Benchmark/test/die_reverse_0007/L0035R.ply,gicp,0.001,50,0.005,0.00172888,15,16653.6,4873.7,0.884994,0.2783,0.373276,0.0430423,0.749371,-0.66075,-0.463609,0.600826,0.65121,-0.000692221,0.00141647,-0.00474494
Riedones3D_Registration_Benchmark/test/die_reverse_0007/L0035R.ply,icp,0.001,50,0.01,2.25572,20,5064.65,0,0.660777,0.162167,0.732855,-0.310371,0.94803,0.0700636,-0.683406,-0.273753,0.676768,0.00792688,0.00275016,-0.00544069
Riedones3D_Registration_Benchmark/test/die_reverse_0007/L0035R.ply,gicp,0.001,50,0.01,0.00173033,13,14701.7,4873.51,0.660777,0.162167,0.732855,-0.310371,0.94803,0.0700636,-0.683406,-0.273753,0.676768,0.00792688,0.00275016,-0.00544069
Riedones3D_Registration_Benchmark/test/die_reverse_0007/L0035R.ply,icp,0.001,100,0,12.3526,20,5465.48,0,0.00387696,-0.668144,0.744022,-0.135902,0.736772,0.662343,-0.990715,-0.103682,-0.0879454,0,0,0
Riedones3D_Registration_Benchmark/test/die_reverse_0007/L0035R.ply,gicp,0.001,100,0,12.7076,20,31610.8,4850.7,0.00387696,-0.668144,0.744022,-0.135902,0.736772,0.662343,-0.990715,-0.103682,-0.0879454,0,0,0
Riedones3D_Registration_Benchmark/test/die_reverse_0007/L0035R.ply,icp,0.001,100,0.005,10.3077,20,4920.85,0,0.193077,-0.980958,0.021015,0.397302,0.0585795,-0.915817,0.897147,0.185173,0.401047,0.00303098,-0.00249078,0.00309987
Riedones3D_Registration_Benchmark/test/die_reverse_0007/L0035R.ply,gicp,0.001,100,0.005,15.6465,20,23411,4859.08,0.193077,-0.980958,0.021015,0.397302,0.0585795,-0.915817,0.897147,0.185173,0.401047,0.00303098,-0.00249078,0.00309987
Riedones3D_Registration_Benchmark/test/die_reverse_0007/L0035R.ply,icp,0.001,100,0.01,13.0318,20,5507.76,0,0.880943,0.454272,0.132576,0.186719,-0.0762479,-0.97945,-0.434829,0.887594,-0.151991,0.00813879,-0.0054308,0.00206555
Riedones3D_Registration_Benchmark/test/die_reverse_0007/L0035R.ply,gicp,0.001,100,0.01,12.895,20,24333.2,4871.89,0.880943,0.454272,0.132576,0.186719,-0.0762479,-0.97945,-0.434829,0.887594,-0.151991,0.00813879,-0.0054308,0.00206555
Riedones3D_Registration_Benchmark/test/die_obverse_0005/L0171D.ply,icp,0,10,0,1.07946,20,97818.2,0,0.992745,-0.0958696,-0.0725667,0.104247,0.987018,0.122177,0.0599116,-0.128856,0.989852,0,0,0
Riedones3D_Registration_Benchmark/test/die_obverse_0005/L0171D.ply,gicp,0,10,0,2.68934e-15,9,144698,67265.5,0.992745,-0.0958696,-0.0725667,0.104247,0.987018,0.122177,0.0599116,-0.128856,0.989852,0,0,0
Riedones3D_Registration_Benchmark/test/die_obverse_0005/L0171D.ply,icp,0,10,0.005,0.875113,20,100500,0,0.990865,0.0572058,-0.122121,-0.0434057,0.992667,0.112816,0.127679,-0.106484,0.986083,-0.00216558,-0.00352476,-0.00280826
Riedones3D_Registration_Benchmark/test/die_obverse_0005/L0171D.ply,gicp,0,10,0.005,2.56932e-15,8,131134,67969.5,0.990865,0.0572058,-0.122121,-0.0434057,0.992667,0.112816,0.127679,-0.106484,0.986083,-0.00216558,-0.00352476,-0.00280826
Riedones3D_Registration_Benchmark/test/die_obverse_0005/L0171D.ply,icp,0,10,0.01,0.7538,20,78344.4,0,0.985234,-0.100087,0.13891,0.0959732,0.994732,0.0360241,-0.141784,-0.0221605,0.98965,0.00205362,0.00974381,0.000916986
Riedones3D_Registration_Benchmark/test/die_obverse_0005/L0171D.ply,gicp,0,10,0.01,4.43213e-11,7,109857,68688.2,0.985234,-0.100087,0.13891,0.0959732,0.994732,0.0360241,-0.141784,-0.0221605,0.98965,0.00205362,0.00974381,0.000916986
Riedones3D_Registration_Benchmark/test/die_obverse_0005/L0171D.ply,icp,0,50,0,7.41053,20,124375,0,0.654956,-0.687376,-0.313922,0.730906,0.681718,0.0322207,0.191859,-0.250551,0.948902,0,0,0
Riedones3D_Registration_Benchmark/test/die_obverse_0005/L0171D.ply,gicp,0,50,0,2.80636,20,365975,67903.2,0.654956,-0.687376,-0.313922,0.730906,0.681718,0.0322207,0.191859,-0.250551,0.948902,0,0,0
Riedones3D_Registration_Benchmark/test/die_obverse_0005/L0171D.ply,icp,0,50,0.005,1.2931,20,141968,0,0.993061,0.106452,-0.0499702,-0.0309974,0.646851,0.761986,0.113439,-0.75515,0.645663,0.00227903,0.00189378,0.00402736
Riedones3D_Registration_Benchmark/test/die_obverse_0005/L0171D.ply,gicp,0,50,0.005,4.05128e-15,15,283053,67808.6,0.993061,0.106452,-0.0499702,-0.0309974,0.646851,0.761986,0.113439,-0.75515,0.645663,0.00227903,0.00189378,0.00402736
Riedones3D_Registration_Benchmark/test/die_obverse_0005/L0171D.ply,icp,0,50,0.01,0.976312,20,114522,0,0.752989,-0.0177731,0.657793,0.334857,0.870875,-0.359788,-0.566461,0.491183,0.661711,0.00760938,0.00431194,0.00484814
Riedones3D_Registration_Benchmark/test/die_obverse_0005/L0171D.ply,gicp,0,50,0.01,2.95602e-12,11,203441,68627.8,0.752989,-0.0177731,0.657793,0.334857,0.870875,-0.359788,-0.566461,0.491183,0.661711,0.00760938,0.00431194,0.00484814
Riedones3D_Registration_Benchmark/test/die_obverse_0005/L0171D.ply,icp,0,100,0,6.07762,20,142300,0,0.308375,0.939805,0.147212,-0.389354,-0.0165,0.92094,0.867933,-0.341313,0.360829,0,0,0
Riedones3D_Registration_Benchmark/test/die_obverse_0005/L0171D.ply,gicp,0,100,0,4.11661,20,395804,67567.9,0.308375,0.939805,0.147212,-0.389354,-0.0165,0.92094,0.867933,-0.341313,0.360829,0,0,0
Riedones3D_Registration_Benchmark/test/die_obverse_0005/L0171D.ply,icp,0,100,0.005,11.5968,20,234044,0,0.21637,0.605155,0.76614,0.498071,0.606513,-0.619732,-0.839708,0.515683,-0.170179,-0.00361893,-0.00299545,-0.00171191
Riedones3D_Registration_Benchmark/test/die_obverse_0005/L0171D.ply,gicp,0,100,0.005,23.4842,20,630372,68051.2,0.21637,0.605155,0.76614,0.498071,0.606513,-0.619732,-0.839708,0.515683,-0.170179,-0.00361893,-0.00299545,-0.00171191
Riedones3D_Registration_Benchmark/test/die_obverse_0005/L0171D.ply,icp,0,100,0.01,11.9398,20,121468,0,0.018181,-0.52406,0.851487,0.992512,0.112344,0.0479518,-0.120789,0.844239,0.522178,-0.00688805,-0.00635417,-0.00348987
Riedones3D_Registration_Benchmark/test/die_obverse_0005/L0171D.ply,gicp,0,100,0.01,11.3163,20,376569,67894.2,0.018181,-0.52406,0.851487,0.992512,0.112344,0.0479518,-0.120789,0.844239,0.522178,-0.00688805,-0.00635417,-0.00348987
Riedones3D_Registration_Benchmark/test/die_obverse_0005/L0171D.ply,icp,0.0005,10,0,1.01426,20,75357.9,0,0.984863,0.141825,-0.0996528,-0.142868,0.989736,-0.00336795,0.0981523,0.0175542,0.995017,0,0,0
Riedones3D_Registration_Benchmark/test/die_obverse_0005/L0171D.ply,gicp,0.0005,10,0,0.000866824,8,124042,67480.1,0.984863,0.141825,-0.0996528,-0.142868,0.989736,-0.00336795,0.0981523,0.0175542,0.995017,0,0,0
Riedones3D_Registration_Benchmark/test/die_obverse_0005/L0171D.ply,icp,0.0005,10,0.005,1.37545,20,90772.2,0,0.985308,0.167482,0.033441,-0.166336,0.985464,-0.0345394,-0.0387396,0.0284694,0.998844,0.000582993,0.00249749,0.00429216
Riedones3D_Registration_Benchmark/test/die_obverse_0005/L0171D.ply,gicp,0.0005,10,0.005,0.000865378,9,140245,68098,0.985308,0.167482,0.033441,-0.166336,0.985464,-0.0345394,-0.0387396,0.0284694,0.998844,0.000582993,0.00249749,0.00429216
Riedones3D_Registration_Benchmark/test/die_obverse_0005/L0171D.ply,icp,0.0005,10,0.01,0.539983,20,93299.5,0,0.985605,-0.0257193,0.167097,0.0323934,0.998777,-0.037339,-0.165933,0.0422143,0.985233,-0.00381445,-0.00895808,-0.00228098
Riedones3D_Registration_Benchmark/test/die_obverse_0005/L0171D.ply,gicp,0.0005,10,0.01,0.000865921,6,96734.5,67859.5,0.985605,-0.0257193,0.167097,0.0323934,0.998777,-0.037339,-0.165933,0.0422143,0.985233,-0.00381445,-0.00895808,-0.00228098
Riedones3D_Registration_Benchmark/test/die_obverse_0005/L0171D.ply,icp,0.0005,50,0,2.90635,20,121866,0,0.646631,0.277478,-0.710545,-0.207607,0.960347,0.186097,0.734008,0.0271776,0.678597,0,0,0
Riedones3D_Registration_Benchmark/test/die_obverse_0005/L0171D.ply,gicp,0.0005,50,0,0.000865562,15,261013,67360.6,0.646631,0.277478,-0.710545,-0.207607,0.960347,0.186097,0.734008,0.0271776,0.678597,0,0,0
Riedones3D_Registration_Benchmark/test/die_obverse_0005/L0171D.ply,icp,0.0005,50,0.005,5.56462,20,123218,0,0.828573,0.40885,-0.382502,-0.556896,0.672281,-0.487755,0.05773,0.617155,0.784721,-0.00184844,0.00235896,-0.00400232
Riedones3D_Registration_Benchmark/test/die_obverse_0005/L0171D.ply,gicp,0.0005,50,0.005,0.000865978,20,341425,68113.2,0.828573,0.40885,-0.382502,-0.556896,0.672281,-0.487755,0.05773,0.617155,0.784721,-0.00184844,0.00235896,-0.00400232
Riedones3D_Registration_Benchmark/test/die_obverse_0005/L0171D.ply,icp,0.0005,50,0.01,0.765705,20,116651,0,0.936004,-0.0174666,0.351555,0.264235,0.694707,-0.669001,-0.232542,0.719081,0.654864,-0.00224232,-0.0095056,0.0021484
Riedones3D_Registration_Benchmark/test/die_obverse_0005/L0171D.ply,gicp,0.0005,50,0.01,0.000865183,15,278112,67840.7,0.936004,-0.0174666,0.351555,0.264235,0.694707,-0.669001,-0.232542,0.719081,0.654864,-0.00224232,-0.0095056,0.0021484
Riedones3D_Registration_Benchmark/test/die_obverse_0005/L0171D.ply,icp,0.0005,100,0,9.74096,20,157899,0,0.797536,0.541594,0.26573,0.308504,0.0123791,-0.951143,-0.518423,0.840549,-0.157211,0,0,0
Riedones3D_Registration_Benchmark/test/die_obverse_0005/L0171D.ply,gicp,0.0005,100,0,51.2335,20,668708,67481.6,0.797536,0.541594,0.26573,0.308504,0.0123791,-0.951143,-0.518423,0.840549,-0.157211,0,0,0
Riedones3D_Registration_Benchmark/test/die_obverse_0005/L0171D.ply,icp,0.0005,100,0.005,2.18115,20,145034,0,0.655931,-0.448122,0.607406,-0.608278,0.162661,0.776878,-0.446937,-0.87905,-0.165888,0.004613,0.000184173,0.00191998
Riedones3D_Registration_Benchmark/test/die_obverse_0005/L0171D.ply,gicp,0.0005,100,0.005,29.8698,20,527162,67459,0.655931,-0.448122,0.607406,-0.608278,0.162661,0.776878,-0.446937,-0.87905,-0.165888,0.004613,0.000184173,0.00191998
Riedones3D_Registration_Benchmark/test/die_obverse_0005/L0171D.ply,icp,0.0005,100,0.01,7.27437,20,136319,0,-0.0195986,0.903675,-0.427769,-0.308338,0.401534,0.862379,0.951075,0.148799,0.270768,0.00769334,-0.00285291,-0.00571607
Riedones3D_Registration_Benchmark/test/die_obverse_0005/L0171D.ply,gicp,0.0005,100,0.01,8.49367,20,385217,67484.2,-0.0195986,0.903675,-0.427769,-0.308338,0.401534,0.862379,0.951075,0.148799,0.270768,0.00769334,-0.00285291,-0.00571607
Riedones3D_Registration_Benchmark/test/die_obverse_0005/L0171D.ply,icp,0.001,10,0,1.24583,20,77209.5,0,0.985503,-0.159423,0.058031,0.15714,0.986682,0.0420186,-0.0639569,-0.0322905,0.99743,0,0,0
Riedones3D_Registration_Benchmark/test/die_obverse_0005/L0171D.ply,gicp,0.001,10,0,0.00173192,9,137816,67852.7,0.985503,-0.159423,0.058031,0.15714,0.986682,0.0420186,-0.0639569,-0.0322905,0.99743,0,0,0
Riedones3D_Registration_Benchmark/test/die_obverse_0005/L0171D.ply,icp,0.001,10,0.005,1.60876,20,94199.3,0,0.985221,-0.17034,0.0179876,0.170789,0.984929,-0.0273083,-0.0130648,0.0299768,0.999465,-0.00203806,-0.00201977,-0.00409473
Riedones3D_Registration_Benchmark/test/die_obverse_0005/L0171D.ply,gicp,0.001,10,0.005,0.00173284,10,156233,67985.5,0.985221,-0.17034,0.0179876,0.170789,0.984929,-0.0273083,-0.0130648,0.0299768,0.999465,-0.00203806,-0.00201977,-0.00409473
Riedones3D_Registration_Benchmark/test/die_obverse_0005/L0171D.ply,icp,0.001,10,0.01,0.700276,20,80733.9,0,0.986282,-0.0803656,0.144185,0.072393,0.995587,0.0597218,-0.148348,-0.0484646,0.987747,-0.00662127,-0.00115795,0.00740392
Riedones3D_Registration_Benchmark/test/die_obverse_0005/L0171D.ply,gicp,0.001,10,0.01,0.00173206,8,121607,67350.6,0.986282,-0.0803656,0.144185,0.072393,0.995587,0.0597218,-0.148348,-0.0484646,0.987747,-0.00662127,-0.00115795,0.00740392
Riedones3D_Registration_Benchmark/test/die_obverse_0005/L0171D.ply,icp,0.001,50,0,3.88411,20,116563,0,0.884855,0.19836,-0.421526,-0.429466,0.697948,-0.573086,0.180526,0.688129,0.702772,0,0,0
Riedones3D_Registration_Benchmark/test/die_obverse_0005/L0171D.ply,gicp,0.001,50,0,0.00173251,20,341802,67607.6,0.884855,0.19836,-0.421526,-0.429466,0.697948,-0.573086,0.180526,0.688129,0.702772,0,0,0
Riedones3D_Registration_Benchmark/test/die_obverse_0005/L0171D.ply,icp,0.001,50,0.005,1.66505,20,113638,0,0.732691,0.0224064,-0.680193,-0.321812,0.892066,-0.317263,0.599668,0.45135,0.660819,-0.00134055,0.00474774,0.000813561
Riedones3D_Registration_Benchmark/test/die_obverse_0005/L0171D.ply,gicp,0.001,50,0.005,0.00173155,10,176328,67210.5,0.732691,0.0224064,-0.680193,-0.321812,0.892066,-0.317263,0.599668,0.45135,0.660819,-0.00134055,0.00474774,0.000813561
Riedones3D_Registration_Benchmark/test/die_obverse_0005/L0171D.ply,icp,0.001,50,0.01,5.46715,20,120211,0,0.789239,-0.600725,-0.127401,0.432534,0.691077,-0.579074,0.435909,0.401923,0.805259,0.00223292,0.000674474,0.00972415
Riedones3D_Registration_Benchmark/test/die_obverse_0005/L0171D.ply,gicp,0.001,50,0.01,36.8873,20,629140,67936.2,0.789239,-0.600725,-0.127401,0.432534,0.691077,-0.579074,0.435909,0.401923,0.805259,0.00223292,0.000674474,0.00972415
Riedones3D_Registration_Benchmark/test/die_obverse_0005/L0171D.ply,icp,0.001,100,0,11.7201,20,123191,0,-0.170444,-0.814997,-0.553831,0.739997,0.265266,-0.618093,0.650656,-0.515184,0.557882,0,0,0
Riedones3D_Registration_Benchmark/test/die_obverse_0005/L0171D.ply,gicp,0.001,100,0,10.8811,20,385867,67404.1,-0.170444,-0.814997,-0.553831,0.739997,0.265266,-0.618093,0.650656,-0.515184,0.557882,0,0,0
Riedones3D_Registration_Benchmark/test/die_obverse_0005/L0171D.ply,icp,0.001,100,0.005,11.6486,20,218127,0,-0.0675095,0.0956228,0.993126,0.556971,0.829469,-0.0420041,-0.827784,0.550306,-0.109256,-0.00205248,0.00388376,0.00238824
Riedones3D_Registration_Benchmark/test/die_obverse_0005/L0171D.ply,gicp,0.001,100,0.005,11.8702,20,524758,68130.4,-0.0675095,0.0956228,0.993126,0.556971,0.829469,-0.0420041,-0.827784,0.550306,-0.109256,-0.00205248,0.00388376,0.00238824
Riedones3D_Registration_Benchmark/test/die_obverse_0005/L0171D.ply,icp,0.001,100,0.01,11.1373,20,210228,0,0.555399,-0.827789,-0.0793574,-0.027416,0.0771504,-0.996642,0.831132,0.55571,0.0201546,0.000600707,0.00647667,0.00759552
Riedones3D_Registration_Benchmark/test/die_obverse_0005/L0171D.ply,gicp,0.001,100,0.01,11.2466,20,633526,67117.4,0.555399,-0.827789,-0.0793574,-0.027416,0.0771504,-0.996642,0.831132,0.55571,0.0201546,0.000600707,0.00647667,0.00759552
Riedones3D_Registration_Benchmark/test/die_obverse_0001/L0088D.ply,icp,0,10,0,0.958119,20,116563,0,0.999662,-0.0250222,-0.00706793,0.0258642,0.98482,0.171643,0.00266576,-0.171768,0.985134,0,0,0
Riedones3D_Registration_Benchmark/test/die_obverse_0001/L0088D.ply,gicp,0,10,0,2.4293e-15,10,177407,77310.5,0.999662,-0.0250222,-0.00706793,0.0258642,0.98482,0.171643,0.00266576,-0.171768,0.985134,0,0,0
Riedones3D_Registration_Benchmark/test/die_obverse_0001/L0088D.ply,icp,0,10,0.005,1.01426,20,115881,0,0.994232,0.107202,0.00314124,-0.10662,0.984817,0.136997,0.0115928,-0.136542,0.990566,-0.00405323,0.00291786,-0.000239599
Riedones3D_Registration_Benchmark/test/die_obverse_0001/L0088D.ply,gicp,0,10,0.005,6.29524e-11,7,125713,77354.6,0.994232,0.107202,0.00314124,-0.10662,0.984817,0.136997,0.0115928,-0.136542,0.990566,-0.00405323,0.00291786,-0.000239599
Riedones3D_Registration_Benchmark/test/die_obverse_0001/L0088D.ply,icp,0,10,0.01,1.03815,20,114589,0,0.997989,0.0343527,-0.0532794,-0.0425258,0.986075,-0.160774,0.0470145,0.162716,0.985552,-0.00469801,-0.00475193,0.00743961
Riedones3D_Registration_Benchmark/test/die_obverse_0001/L0088D.ply,gicp,0,10,0.01,4.47437e-15,10,178035,77357.3,0.997989,0.0343527,-0.0532794,-0.0425258,0.986075,-0.160774,0.0470145,0.162716,0.985552,-0.00469801,-0.00475193,0.00743961
Riedones3D_Registration_Benchmark/test/die_obverse_0001/L0088D.ply,icp,0,50,0,5.20508,20,147089,0,0.706547,-0.701911,0.0900727,0.683626,0.644099,-0.34321,0.182887,0.30407,0.93493,0,0,0
Riedones3D_Registration_Benchmark/test/die_obverse_0001/L0088D.ply,gicp,0,50,0,1.52432,20,402621,77437.9,0.706547,-0.701911,0.0900727,0.683626,0.644099,-0.34321,0.182887,0.30407,0.93493,0,0,0
Riedones3D_Registration_Benchmark/test/die_obverse_0001/L0088D.ply,icp,0,50,0.005,3.63214,20,157233,0,0.756968,-0.623406,-0.195868,0.445815,0.711842,-0.542706,0.477753,0.32349,0.816766,-0.00369259,-0.00090049,0.00324868
Riedones3D_Registration_Benchmark/test/die_obverse_0001/L0088D.ply,gicp,0,50,0.005,0.353133,20,425670,77608,0.756968,-0.623406,-0.195868,0.445815,0.711842,-0.542706,0.477753,0.32349,0.816766,-0.00369259,-0.00090049,0.00324868
Riedones3D_Registration_Benchmark/test/die_obverse_0001/L0088D.ply,icp,0,50,0.01,5.1803,20,147129,0,0.669684,0.444121,-0.595214,-0.57968,0.813593,-0.0451423,0.464213,0.375265,0.802298,0.00380691,0.00403306,-0.00832117
Riedones3D_Registration_Benchmark/test/die_obverse_0001/L0088D.ply,gicp,0,50,0.01,0.939643,20,403807,77487,0.669684,0.444121,-0.595214,-0.57968,0.813593,-0.0451423,0.464213,0.375265,0.802298,0.00380691,0.00403306,-0.00832117
Riedones3D_Registration_Benchmark/test/die_obverse_0001/L0088D.ply,icp,0,100,0,8.74911,20,156919,0,0.781925,-0.57696,-0.236031,0.19357,-0.135193,0.971727,-0.592557,-0.805506,0.00597139,0,0,0
Riedones3D_Registration_Benchmark/test/die_obverse_0001/L0088D.ply,gicp,0,100,0,18.5334,20,629677,77582,0.781925,-0.57696,-0.236031,0.19357,-0.135193,0.971727,-0.592557,-0.805506,0.00597139,0,0,0
Riedones3D_Registration_Benchmark/test/die_obverse_0001/L0088D.ply,icp,0,100,0.005,12.2036,20,138119,0,-0.165902,-0.913445,0.371612,0.825189,0.0777382,0.559482,-0.539944,0.39947,0.740868,-0.00387754,-0.00200269,0.00244007
Riedones3D_Registration_Benchmark/test/die_obverse_0001/L0088D.ply,gicp,0,100,0.005,12.3425,20,413159,77521.6,-0.165902,-0.913445,0.371612,0.825189,0.0777382,0.559482,-0.539944,0.39947,0.740868,-0.00387754,-0.00200269,0.00244007
Riedones3D_Registration_Benchmark/test/die_obverse_0001/L0088D.ply,icp,0,100,0.01,11.2113,20,212283,0,0.95176,0.295263,-0.0834985,0.127754,-0.133898,0.982726,0.278982,-0.945987,-0.165159,-0.000994545,0.00331339,0.00938255
Riedones3D_Registration_Benchmark/test/die_obverse_0001/L0088D.ply,gicp,0,100,0.01,26.2923,20,729014,77262.5,0.95176,0.295263,-0.0834985,0.127754,-0.133898,0.982726,0.278982,-0.945987,-0.165159,-0.000994545,0.00331339,0.00938255
Riedones3D_Registration_Benchmark/test/die_obverse_0001/L0088D.ply,icp,0.0005,10,0,0.878829,20,112493,0,0.989461,0.0155651,-0.14396,-0.0294006,0.995092,-0.094485,0.141783,0.0977217,0.985062,0,0,0
Riedones3D_Registration_Benchmark/test/die_obverse_0001/L0088D.ply,gicp,0.0005,10,0,0.000866189,8,140209,75846.5,0.989461,0.0155651,-0.14396,-0.0294006,0.995092,-0.094485,0.141783,0.0977217,0.985062,0,0,0
Riedones3D_Registration_Benchmark/test/die_obverse_0001/L0088D.ply,icp,0.0005,10,0.005,0.895267,20,115866,0,0.996707,-0.0805993,-0.00884596,0.0782769,0.984921,-0.154283,0.0211477,0.153082,0.987987,-0.0031541,0.0028441,0.0026387
Riedones3D_Registration_Benchmark/test/die_obverse_0001/L0088D.ply,gicp,0.0005,10,0.005,0.000866521,7,126068,76961,0.996707,-0.0805993,-0.00884596,0.0782769,0.984921,-0.154283,0.0211477,0.153082,0.987987,-0.0031541,0.0028441,0.0026387
Riedones3D_Registration_Benchmark/test/die_obverse_0001/L0088D.ply,icp,0.0005,10,0.01,1.20832,20,115811,0,0.985689,-0.0491807,0.161241,0.0423455,0.998064,0.045559,-0.16317,-0.0380792,0.985863,0.00614625,-0.0076537,0.00190904
Riedones3D_Registration_Benchmark/test/die_obverse_0001/L0088D.ply,gicp,0.0005,10,0.01,0.000866173,8,142890,77442.2,0.985689,-0.0491807,0.161241,0.0423455,0.998064,0.045559,-0.16317,-0.0380792,0.985863,0.00614625,-0.0076537,0.00190904
Riedones3D_Registration_Benchmark/test/die_obverse_0001/L0088D.ply,icp,0.0005,50,0,1.65489,20,156409,0,0.782068,0.294118,-0.549422,0.0468052,0.851412,0.522405,0.621433,-0.434272,0.652096,0,0,0
Riedones3D_Registration_Benchmark/test/die_obverse_0001/L0088D.ply,gicp,0.0005,50,0,0.000865706,12,297701,77575.6,0.782068,0.294118,-0.549422,0.0468052,0.851412,0.522405,0.621433,-0.434272,0.652096,0,0,0
Riedones3D_Registration_Benchmark/test/die_obverse_0001/L0088D.ply,icp,0.0005,50,0.005,3.11854,20,153705,0,0.700027,-0.205116,-0.684025,0.438068,0.879806,0.184493,0.563967,-0.4288,0.705742,0.00147849,-0.00143242,0.00455656
Riedones3D_Registration_Benchmark/test/die_obverse_0001/L0088D.ply,gicp,0.0005,50,0.005,0.000866611,20,410838,77565,0.700027,-0.205116,-0.684025,0.438068,0.879806,0.184493,0.563967,-0.4288,0.705742,0.00147849,-0.00143242,0.00455656
Riedones3D_Registration_Benchmark/test/die_obverse_0001/L0088D.ply,icp,0.0005,50,0.01,6.33601,20,135709,0,0.646501,-0.671612,0.361903,0.702916,0.708768,0.0596327,-0.296556,0.215835,0.930306,0.00836904,0.000482062,0.00545223
Riedones3D_Registration_Benchmark/test/die_obverse_0001/L0088D.ply,gicp,0.0005,50,0.01,3.52927,20,392377,77507,0.646501,-0.671612,0.361903,0.702916,0.708768,0.0596327,-0.296556,0.215835,0.930306,0.00836904,0.000482062,0.00545223
Riedones3D_Registration_Benchmark/test/die_obverse_0001/L0088D.ply,icp,0.0005,100,0,11.1017,20,129886,0,0.373571,-0.906874,-0.195001,0.375224,-0.0445175,0.925864,-0.848323,-0.419045,0.323651,0,0,0
Riedones3D_Registration_Benchmark/test/die_obverse_0001/L0088D.ply,gicp,0.0005,100,0,40.0954,20,673735,77555.4,0.373571,-0.906874,-0.195001,0.375224,-0.0445175,0.925864,-0.848323,-0.419045,0.323651,0,0,0
Riedones3D_Registration_Benchmark/test/die_obverse_0001/L0088D.ply,icp,0.0005,100,0.005,10.1568,20,162709,0,0.181156,0.965195,0.188627,-0.558275,-0.0569748,0.827698,0.809637,-0.255248,0.528523,-0.00250041,0.0016839,-0.00398904
Riedones3D_Registration_Benchmark/test/die_obverse_0001/L0088D.ply,gicp,0.0005,100,0.005,24.4978,20,670112,77630.7,0.181156,0.965195,0.188627,-0.558275,-0.0569748,0.827698,0.809637,-0.255248,0.528523,-0.00250041,0.0016839,-0.00398904
Riedones3D_Registration_Benchmark/test/die_obverse_0001/L0088D.ply,icp,0.0005,100,0.01,10.6341,20,150628,0,0.0853445,-0.579815,0.810266,0.993838,-0.00818478,-0.110537,0.0707228,0.814707,0.575544,0.000755455,-0.00820964,0.00565961
Riedones3D_Registration_Benchmark/test/die_obverse_0001/L0088D.ply,gicp,0.0005,100,0.01,11.8256,20,459161,77491.8,0.0853445,-0.579815,0.810266,0.993838,-0.00818478,-0.110537,0.0707228,0.814707,0.575544,0.000755455,-0.00820964,0.00565961
Riedones3D_Registration_Benchmark/test/die_obverse_0001/L0088D.ply,icp,0.001,10,0,1.15227,20,113724,0,0.988263,-0.0275959,0.150246,0.0149835,0.996316,0.084439,-0.152023,-0.0811968,0.985036,0,0,0
Riedones3D_Registration_Benchmark/test/die_obverse_0001/L0088D.ply,gicp,0.001,10,0,0.00173343,9,160341,77459.7,0.988263,-0.0275959,0.150246,0.0149835,0.996316,0.084439,-0.152023,-0.0811968,0.985036,0,0,0
Riedones3D_Registration_Benchmark/test/die_obverse_0001/L0088D.ply,icp,0.001,10,0.005,1.02709,20,115762,0,0.999898,-0.012226,0.00733508,0.013311,0.984827,-0.173026,-0.00510837,0.173106,0.98489,-8.40564e-05,-0.0020689,-0.00455111
Riedones3D_Registration_Benchmark/test/die_obverse_0001/L0088D.ply,gicp,0.001,10,0.005,0.00173252,10,178679,77373.5,0.999898,-0.012226,0.00733508,0.013311,0.984827,-0.173026,-0.00510837,0.173106,0.98489,-8.40564e-05,-0.0020689,-0.00455111
Riedones3D_Registration_Benchmark/test/die_obverse_0001/L0088D.ply,icp,0.001,10,0.01,0.931861,20,116287,0,0.995389,0.0860892,-0.0422915,-0.079033,0.985984,0.146932,0.0543481,-0.142913,0.988242,-0.00306009,0.00952024,-2.86803e-05
Riedones3D_Registration_Benchmark/test/die_obverse_0001/L0088D.ply,gicp,0.001,10,0.01,0.00173157,7,125537,77205.4,0.995389,0.0860892,-0.0422915,-0.079033,0.985984,0.146932,0.0543481,-0.142913,0.988242,-0.00306009,0.00952024,-2.86803e-05
Riedones3D_Registration_Benchmark/test/die_obverse_0001/L0088D.ply,icp,0.001,50,0,4.4634,20,135690,0,0.646921,-0.318625,0.692799,0.247696,0.947059,0.204269,-0.721207,0.039457,0.691595,0,0,0
Riedones3D_Registration_Benchmark/test/die_obverse_0001/L0088D.ply,gicp,0.001,50,0,1.13109,20,434794,77509.1,0.646921,-0.318625,0.692799,0.247696,0.947059,0.204269,-0.721207,0.039457,0.691595,0,0,0
Riedones3D_Registration_Benchmark/test/die_obverse_0001/L0088D.ply,icp,0.001,50,0.005,1.47125,20,147331,0,0.899795,0.0937603,-0.42612,0.223094,0.740447,0.634009,0.374964,-0.665543,0.645333,-0.00101918,0.00389188,-0.00296893
Riedones3D_Registration_Benchmark/test/die_obverse_0001/L0088D.ply,gicp,0.001,50,0.005,0.00173084,14,320819,77576.8,0.899795,0.0937603,-0.42612,0.223094,0.740447,0.634009,0.374964,-0.665543,0.645333,-0.00101918,0.00389188,-0.00296893
Riedones3D_Registration_Benchmark/test/die_obverse_0001/L0088D.ply,icp,0.001,50,0.01,5.40945,20,129110,0,0.781553,-0.540333,0.311795,0.289039,0.756557,0.586582,-0.55284,-0.368324,0.747466,-0.00535144,-0.00801892,-0.00265688
Riedones3D_Registration_Benchmark/test/die_obverse_0001/L0088D.ply,gicp,0.001,50,0.01,5.57158,20,410748,77584.4,0.781553,-0.540333,0.311795,0.289039,0.756557,0.586582,-0.55284,-0.368324,0.747466,-0.00535144,-0.00801892,-0.00265688
Riedones3D_Registration_Benchmark/test/die_obverse_0001/L0088D.ply,icp,0.001,100,0,11.3187,20,228565,0,-0.154365,0.242873,-0.957697,0.054124,0.969939,0.237254,0.98653,-0.0152107,-0.16287,0,0,0
Riedones3D_Registration_Benchmark/test/die_obverse_0001/L0088D.ply,gicp,0.001,100,0,21.8203,20,592798,77143,-0.154365,0.242873,-0.957697,0.054124,0.969939,0.237254,0.98653,-0.0152107,-0.16287,0,0,0
Riedones3D_Registration_Benchmark/test/die_obverse_0001/L0088D.ply,icp,0.001,100,0.005,11.3151,20,225840,0,-0.170784,0.221917,-0.959992,-0.107735,0.964259,0.24207,0.979401,0.144767,-0.140771,0.00294583,-0.00385804,0.001199
Riedones3D_Registration_Benchmark/test/die_obverse_0001/L0088D.ply,gicp,0.001,100,0.005,11.1761,20,566976,77229,-0.170784,0.221917,-0.959992,-0.107735,0.964259,0.24207,0.979401,0.144767,-0.140771,0.00294583,-0.00385804,0.001199
Riedones3D_Registration_Benchmark/test/die_obverse_0001/L0088D.ply,icp,0.001,100,0.01,11.1698,20,208382,0,0.668179,0.00721542,0.743966,-0.743867,-0.0124942,0.668211,0.0141167,-0.999896,-0.00298102,-0.00888523,0.00404231,0.00217082
Riedones3D_Registration_Benchmark/test/die_obverse_0001/L0088D.ply,gicp,0.001,100,0.01,27.8289,20,559699,77296.7,0.668179,0.00721542,0.743966,-0.743867,-0.0124942,0.668211,0.0141167,-0.999896,-0.00298102,-0.00888523,0.00404231,0.00217082
Riedones3D_Registration_Benchmark/test/die_obverse_beard_0002b/L0030D.ply,icp,0,10,0,0.77422,20,3205.43,0,0.990519,0.113778,0.0769839,-0.121361,0.987325,0.102284,-0.0643705,-0.110657,0.991772,0,0,0
Riedones3D_Registration_Benchmark/test/die_obverse_beard_0002b/L0030D.ply,gicp,0,10,0,2.70704e-15,7,6083.43,3933.29,0.990519,0.113778,0.0769839,-0.121361,0.987325,0.102284,-0.0643705,-0.110657,0.991772,0,0,0
Riedones3D_Registration_Benchmark/test/die_obverse_beard_0002b/L0030D.ply,icp,0,10,0.005,0.68989,20,3513.65,0,0.986995,-0.0350856,0.156878,0.0454115,0.996997,-0.0627285,-0.154206,0.0690368,0.985624,-0.00237515,0.00031793,0.00438835
Riedones3D_Registration_Benchmark/test/die_obverse_beard_0002b/L0030D.ply,gicp,0,10,0.005,2.78119e-13,6,5355.67,3940.16,0.986995,-0.0350856,0.156878,0.0454115,0.996997,-0.0627285,-0.154206,0.0690368,0.985624,-0.00237515,0.00031793,0.00438835
Riedones3D_Registration_Benchmark/test/die_obverse_beard_0002b/L0030D.ply,icp,0,10,0.01,0.387781,20,3473.41,0,0.997047,0.0676504,0.0363334,-0.0611498,0.985671,-0.157206,-0.0464478,0.15452,0.986897,-0.000690286,0.00106268,0.00991939
Riedones3D_Registration_Benchmark/test/die_obverse_beard_0002b/L0030D.ply,gicp,0,10,0.01,1.10449e-13,5,4376.34,3943.35,0.997047,0.0676504,0.0363334,-0.0611498,0.985671,-0.157206,-0.0464478,0.15452,0.986897,-0.000690286,0.00106268,0.00991939
Riedones3D_Registration_Benchmark/test/die_obverse_beard_0002b/L0030D.ply,icp,0,50,0,1.69795,20,4016.83,0,0.670378,-0.0705011,0.738663,0.256463,0.956141,-0.141496,-0.696291,0.284295,0.659057,0,0,0
Riedones3D_Registration_Benchmark/test/die_obverse_beard_0002b/L0030D.ply,gicp,0,50,0,4.23357e-15,13,11801.2,3952.91,0.670378,-0.0705011,0.738663,0.256463,0.956141,-0.141496,-0.696291,0.284295,0.659057,0,0,0
Riedones3D_Registration_Benchmark/test/die_obverse_beard_0002b/L0030D.ply,icp,0,50,0.005,4.0896,20,4160.71,0,0.825564,0.397902,-0.400148,-0.558443,0.67804,-0.477915,0.0811529,0.618009,0.781971,-0.00409071,-0.00089583,-0.00273195
Riedones3D_Registration_Benchmark/test/die_obverse_beard_0002b/L0030D.ply,gicp,0,50,0.005,2.31824e-10,19,18152.5,3948.26,0.825564,0.397902,-0.400148,-0.558443,0.67804,-0.477915,0.0811529,0.618009,0.781971,-0.00409071,-0.00089583,-0.00273195
Riedones3D_Registration_Benchmark/test/die_obverse_beard_0002b/L0030D.ply,icp,0,50,0.01,3.33704,20,3794.16,0,0.932136,0.361334,0.0236587,-0.269995,0.649996,0.710358,0.241298,-0.668538,0.703443,-0.0042386,-0.00481596,-0.00767078
Riedones3D_Registration_Benchmark/test/die_obverse_beard_0002b/L0030D.ply,gicp,0,50,0.01,5.13925e-15,13,11493.5,3951.53,0.932136,0.361334,0.0236587,-0.269995,0.649996,0.710358,0.241298,-0.668538,0.703443,-0.0042386,-0.00481596,-0.00767078
Riedones3D_Registration_Benchmark/test/die_obverse_beard_0002b/L0030D.ply,icp,0,100,0,11.6713,20,4265.72,0,0.116412,0.281367,-0.952513,-0.970577,0.235758,-0.0489786,0.210781,0.930189,0.300534,0,0,0
Riedones3D_Registration_Benchmark/test/die_obverse_beard_0002b/L0030D.ply,gicp,0,100,0,10.8787,20,23451.1,3938.42,0.116412,0.281367,-0.952513,-0.970577,0.235758,-0.0489786,0.210781,0.930189,0.300534,0,0,0
Riedones3D_Registration_Benchmark/test/die_obverse_beard_0002b/L0030D.ply,icp,0,100,0.005,11.1514,20,5324.59,0,0.636287,0.37401,-0.674726,0.670939,0.163391,0.723287,0.380761,-0.912918,-0.146975,-0.00376264,0.00179397,-0.00276119
Riedones3D_Registration_Benchmark/test/die_obverse_beard_0002b/L0030D.ply,gicp,0,100,0.005,11.0985,20,22259.4,3951.98,0.636287,0.37401,-0.674726,0.670939,0.163391,0.723287,0.380761,-0.912918,-0.146975,-0.00376264,0.00179397,-0.00276119
Riedones3D_Registration_Benchmark/test/die_obverse_beard_0002b/L0030D.ply,icp,0,100,0.01,11.1224,20,4912.15,0,0.0789787,-0.760013,-0.645091,0.950458,-0.137756,0.278662,-0.300651,-0.635141,0.711481,0.00650819,-0.00646294,0.0039842
Riedones3D_Registration_Benchmark/test/die_obverse_beard_0002b/L0030D.ply,gicp,0,100,0.01,14.9425,20,19268.9,3944.45,0.0789787,-0.760013,-0.645091,0.950458,-0.137756,0.278662,-0.300651,-0.635141,0.711481,0.00650819,-0.00646294,0.0039842
Riedones3D_Registration_Benchmark/test/die_obverse_beard_0002b/L0030D.ply,icp,0.0005,10,0,1.30168,20,3493.59,0,0.98707,-0.154934,0.0410858,0.15181,0.985886,0.0705847,-0.0514419,-0.0634348,0.996659,0,0,0
Riedones3D_Registration_Benchmark/test/die_obverse_beard_0002b/L0030D.ply,gicp,0.0005,10,0,0.000865425,7,6065.58,3932.36,0.98707,-0.154934,0.0410858,0.15181,0.985886,0.0705847,-0.0514419,-0.0634348,0.996659,0,0,0
Riedones3D_Registration_Benchmark/test/die_obverse_beard_0002b/L0030D.ply,icp,0.0005,10,0.005,0.820094,20,3219.17,0,0.987836,0.135786,-0.0757727,-0.129461,0.98811,0.0829413,0.086134,-0.0721228,0.99367,-0.00298186,0.00257711,0.00307686
Riedones3D_Registration_Benchmark/test/die_obverse_beard_0002b/L0030D.ply,gicp,0.0005,10,0.005,0.000868032,6,5215.36,3941.51,0.987836,0.135786,-0.0757727,-0.129461,0.98811,0.0829413,0.086134,-0.0721228,0.99367,-0.00298186,0.00257711,0.00307686
Riedones3D_Registration_Benchmark/test/die_obverse_beard_0002b/L0030D.ply,icp,0.0005,10,0.01,1.26068,20,3391.73,0,0.985139,-0.162835,0.0546476,0.164192,0.986198,-0.0213052,-0.0504241,0.0299612,0.998278,-0.00778065,0.00621033,0.000945165
Riedones3D_Registration_Benchmark/test/die_obverse_beard_0002b/L0030D.ply,gicp,0.0005,10,0.01,0.000866471,7,6064.08,3935.4,0.985139,-0.162835,0.0546476,0.164192,0.986198,-0.0213052,-0.0504241,0.0299612,0.998278,-0.00778065,0.00621033,0.000945165
Riedones3D_Registration_Benchmark/test/die_obverse_beard_0002b/L0030D.ply,icp,0.0005,50,0,5.22217,20,3860.77,0,0.672128,-0.677911,-0.297794,0.732319,0.668011,0.132171,0.109329,-0.306916,0.945436,0,0,0
Riedones3D_Registration_Benchmark/test/die_obverse_beard_0002b/L0030D.ply,gicp,0.0005,50,0,4.01256,20,18697.6,3945.11,0.672128,-0.677911,-0.297794,0.732319,0.668011,0.132171,0.109329,-0.306916,0.945436,0,0,0
Riedones3D_Registration_Benchmark/test/die_obverse_beard_0002b/L0030D.ply,icp,0.0005,50,0.005,3.8571,20,4074.48,0,0.647133,0.560808,0.516443,-0.61083,0.786751,-0.088932,-0.456186,-0.257908,0.851691,-0.00470481,0.00169207,-4.06892e-05
Riedones3D_Registration_Benchmark/test/die_obverse_beard_0002b/L0030D.ply,gicp,0.0005,50,0.005,0.68924,20,18114.6,3948.1,0.647133,0.560808,0.516443,-0.61083,0.786751,-0.088932,-0.456186,-0.257908,0.851691,-0.00470481,0.00169207,-4.06892e-05
Riedones3D_Registration_Benchmark/test/die_obverse_beard_0002b/L0030D.ply,icp,0.0005,50,0.01,4.95695,20,3929.49,0,0.724924,0.617822,0.3046,-0.688716,0.658085,0.304292,-0.0124548,-0.430372,0.902566,-0.000521083,-0.00324359,0.00944498
Riedones3D_Registration_Benchmark/test/die_obverse_beard_0002b/L0030D.ply,gicp,0.0005,50,0.01,0.00195104,20,17995.6,3941.95,0.724924,0.617822,0.3046,-0.688716,0.658085,0.304292,-0.0124548,-0.430372,0.902566,-0.000521083,-0.00324359,0.00944498
Riedones3D_Registration_Benchmark/test/die_obverse_beard_0002b/L0030D.ply,icp,0.0005,100,0,2.73017,20,4276.63,0,0.103368,0.907059,0.408116,-0.0976592,0.417587,-0.903373,-0.989837,0.0535241,0.131748,0,0,0
Riedones3D_Registration_Benchmark/test/die_obverse_beard_0002b/L0030D.ply,gicp,0.0005,100,0,4.84132,20,18972.7,3931.76,0.103368,0.907059,0.408116,-0.0976592,0.417587,-0.903373,-0.989837,0.0535241,0.131748,0,0,0
Riedones3D_Registration_Benchmark/test/die_obverse_beard_0002b/L0030D.ply,icp,0.0005,100,0.005,4.02211,20,4628.34,0,0.485772,0.874017,0.010963,-0.0873051,0.0609955,-0.994313,-0.869714,0.482052,0.105936,-0.00115587,-0.00289191,0.00391163
Riedones3D_Registration_Benchmark/test/die_obverse_beard_0002b/L0030D.ply,gicp,0.0005,100,0.005,8.20778,20,21103.7,3948.34,0.485772,0.874017,0.010963,-0.0873051,0.0609955,-0.994313,-0.869714,0.482052,0.105936,-0.00115587,-0.00289191,0.00391163
Riedones3D_Registration_Benchmark/test/die_obverse_beard_0002b/L0030D.ply,icp,0.0005,100,0.01,5.80933,20,3719.13,0,-0.101494,-0.823427,0.558271,0.38774,0.48405,0.784445,-0.916164,0.29608,0.270148,0.000419176,0.00616978,-0.00785863
Riedones3D_Registration_Benchmark/test/die_obverse_beard_0002b/L0030D.ply,gicp,0.0005,100,0.01,6.63189,20,18298.4,3950.19,-0.101494,-0.823427,0.558271,0.38774,0.48405,0.784445,-0.916164,0.29608,0.270148,0.000419176,0.00616978,-0.00785863
Riedones3D_Registration_Benchmark/test/die_obverse_beard_0002b/L0030D.ply,icp,0.001,10,0,0.460776,20,3499.98,0,0.985541,-0.0594475,-0.158666,0.0655008,0.9973,0.0331938,0.156264,-0.0431066,0.986774,0,0,0
Riedones3D_Registration_Benchmark/test/die_obverse_beard_0002b/L0030D.ply,gicp,0.001,10,0,0.00173341,5,4436.26,3936.58,0.985541,-0.0594475,-0.158666,0.0655008,0.9973,0.0331938,0.156264,-0.0431066,0.986774,0,0,0
Riedones3D_Registration_Benchmark/test/die_obverse_beard_0002b/L0030D.ply,icp,0.001,10,0.005,0.811515,20,3572.8,0,0.984858,0.084833,0.151191,-0.0833111,0.996389,-0.0163832,-0.152034,0.00353924,0.988369,-0.00281568,-0.00376472,-0.00170261
Riedones3D_Registration_Benchmark/test/die_obverse_beard_0002b/L0030D.ply,gicp,0.001,10,0.005,0.00172758,8,7064.5,3938.99,0.984858,0.084833,0.151191,-0.0833111,0.996389,-0.0163832,-0.152034,0.00353924,0.988369,-0.00281568,-0.00376472,-0.00170261
Riedones3D_Registration_Benchmark/test/die_obverse_beard_0002b/L0030D.ply,icp,0.001,10,0.01,0.381758,20,3566.42,0,0.993688,-0.0345907,-0.10671,0.0484946,0.99025,0.130589,0.101152,-0.134939,0.985677,0.0088752,0.00346881,-0.00303286
Riedones3D_Registration_Benchmark/test/die_obverse_beard_0002b/L0030D.ply,gicp,0.001,10,0.01,0.00173278,5,4403.22,3937.6,0.993688,-0.0345907,-0.10671,0.0484946,0.99025,0.130589,0.101152,-0.134939,0.985677,0.0088752,0.00346881,-0.00303286
Riedones3D_Registration_Benchmark/test/die_obverse_beard_0002b/L0030D.ply,icp,0.001,50,0,5.2231,20,3988.68,0,0.642936,-0.6179,-0.452586,0.609197,0.770704,-0.1868,0.464233,-0.155614,0.871936,0,0,0
Riedones3D_Registration_Benchmark/test/die_obverse_beard_0002b/L0030D.ply,gicp,0.001,50,0,3.57459,20,18707.3,3952.56,0.642936,-0.6179,-0.452586,0.609197,0.770704,-0.1868,0.464233,-0.155614,0.871936,0,0,0
Riedones3D_Registration_Benchmark/test/die_obverse_beard_0002b/L0030D.ply,icp,0.001,50,0.005,5.04709,20,4017.92,0,0.642836,-0.555601,-0.527322,0.549825,0.813992,-0.187376,0.533342,-0.169483,0.828747,-0.00191702,0.00334266,0.00318617
Riedones3D_Registration_Benchmark/test/die_obverse_beard_0002b/L0030D.ply,gicp,0.001,50,0.005,3.25757,20,18810.5,3947.02,0.642836,-0.555601,-0.527322,0.549825,0.813992,-0.187376,0.533342,-0.169483,0.828747,-0.00191702,0.00334266,0.00318617
Riedones3D_Registration_Benchmark/test/die_obverse_beard_0002b/L0030D.ply,icp,0.001,50,0.01,1.63674,20,4109.65,0,0.83624,0.271203,-0.476604,0.0785822,0.800901,0.593618,0.542703,-0.53386,0.648434,-0.00615614,0.00321555,-0.0071946
Riedones3D_Registration_Benchmark/test/die_obverse_beard_0002b/L0030D.ply,gicp,0.001,50,0.01,0.00172966,12,11265.3,3955.79,0.83624,0.271203,-0.476604,0.0785822,0.800901,0.593618,0.542703,-0.53386,0.648434,-0.00615614,0.00321555,-0.0071946
Riedones3D_Registration_Benchmark/test/die_obverse_beard_0002b/L0030D.ply,icp,0.001,100,0,10.4639,20,3984.33,0,0.380622,-0.829732,0.408254,0.563765,-0.141742,-0.813682,0.733005,0.539865,0.413824,0,0,0
Riedones3D_Registration_Benchmark/test/die_obverse_beard_0002b/L0030D.ply,gicp,0.001,100,0,7.52508,20,18650.4,3952.56,0.380622,-0.829732,0.408254,0.563765,-0.141742,-0.813682,0.733005,0.539865,0.413824,0,0,0
Riedones3D_Registration_Benchmark/test/die_obverse_beard_0002b/L0030D.ply,icp,0.001,100,0.005,3.55909,20,4502.71,0,0.379444,0.912565,0.152474,-0.0313215,0.177374,-0.983645,-0.924685,0.368462,0.0958862,-0.00468408,0.000544823,0.00166211
Riedones3D_Registration_Benchmark/test/die_obverse_beard_0002b/L0030D.ply,gicp,0.001,100,0.005,6.4639,20,20667.2,3941.42,0.379444,0.912565,0.152474,-0.0313215,0.177374,-0.983645,-0.924685,0.368462,0.0958862,-0.00468408,0.000544823,0.00166211
Riedones3D_Registration_Benchmark/test/die_obverse_beard_0002b/L0030D.ply,icp,0.001,100,0.01,6.9842,20,3738.29,0,-0.162488,-0.58582,0.793985,0.752288,0.447142,0.483867,-0.638483,0.675928,0.36805,0.0041149,-0.004746,0.00778094
Riedones3D_Registration_Benchmark/test/die_obverse_beard_0002b/L0030D.ply,gicp,0.001,100,0.01,8.15017,20,18287.6,3949.37,-0.162488,-0.58582,0.793985,0.752288,0.447142,0.483867,-0.638483,0.675928,0.36805,0.0041149,-0.004746,0.00778094
Riedones3D_Registration_Benchmark/test/die_reverse_0014/L0065R.ply,icp,0,10,0,1.07055,20,4439.1,0,0.995577,-0.0906418,-0.024707,0.0860432,0.985299,-0.147591,0.0377217,0.144812,0.98874,0,0,0
Riedones3D_Registration_Benchmark/test/die_reverse_0014/L0065R.ply,gicp,0,10,0,4.55544e-15,7,7235.9,4626.97,0.995577,-0.0906418,-0.024707,0.0860432,0.985299,-0.147591,0.0377217,0.144812,0.98874,0,0,0
Riedones3D_Registration_Benchmark/test/die_reverse_0014/L0065R.ply,icp,0,10,0.005,0.437793,20,4279.86,0,0.999558,-0.00885998,0.0283897,0.0135879,0.985187,-0.170946,-0.0264546,0.171257,0.984871,0.00226774,-0.00304824,0.00325047
Riedones3D_Registration_Benchmark/test/die_reverse_0014/L0065R.ply,gicp,0,10,0.005,1.81316e-11,6,6223.13,4632.3,0.999558,-0.00885998,0.0283897,0.0135879,0.985187,-0.170946,-0.0264546,0.171257,0.984871,0.00226774,-0.00304824,0.00325047
Riedones3D_Registration_Benchmark/test/die_reverse_0014/L0065R.ply,icp,0,10,0.01,0.702237,20,4335.32,0,0.993656,0.0999992,0.0514633,-0.09227,0.986496,-0.135323,-0.0643006,0.129716,0.989464,-0.00646102,-0.00692421,0.00321101
Riedones3D_Registration_Benchmark/test/die_reverse_0014/L0065R.ply,gicp,0,10,0.01,2.21192e-12,6,6188.47,4633.24,0.993656,0.0999992,0.0514633,-0.09227,0.986496,-0.135323,-0.0643006,0.129716,0.989464,-0.00646102,-0.00692421,0.00321101
Riedones3D_Registration_Benchmark/test/die_reverse_0014/L0065R.ply,icp,0,50,0,1.31443,20,4947.17,0,0.667085,-0.464846,-0.582164,0.590834,0.806103,0.0333625,0.453776,-0.366218,0.812387,0,0,0
Riedones3D_Registration_Benchmark/test/die_reverse_0014/L0065R.ply,gicp,0,50,0,2.88589e-15,13,14266.3,4650.52,0.667085,-0.464846,-0.582164,0.590834,0.806103,0.0333625,0.453776,-0.366218,0.812387,0,0,0
Riedones3D_Registration_Benchmark/test/die_reverse_0014/L0065R.ply,icp,0,50,0.005,3.20993,20,5031.67,0,0.685636,-0.371457,0.626038,0.155501,0.914894,0.372544,-0.711142,-0.15808,0.685046,-0.00426839,-0.00244817,0.000887313
Riedones3D_Registration_Benchmark/test/die_reverse_0014/L0065R.ply,gicp,0,50,0.005,2.02503e-13,12,12709.4,4643.24,0.685636,-0.371457,0.626038,0.155501,0.914894,0.372544,-0.711142,-0.15808,0.685046,-0.00426839,-0.00244817,0.000887313
Riedones3D_Registration_Benchmark/test/die_reverse_0014/L0065R.ply,icp,0,50,0.01,1.7971,20,4727.78,0,0.646305,-0.175355,-0.742657,0.106019,0.984434,-0.140179,0.755678,0.0118623,0.654836,0.00658779,-0.00681822,-0.00318007
Riedones3D_Registration_Benchmark/test/die_reverse_0014/L0065R.ply,gicp,0,50,0.01,1.15383e-13,14,15489.8,4649.64,0.646305,-0.175355,-0.742657,0.106019,0.984434,-0.140179,0.755678,0.0118623,0.654836,0.00658779,-0.00681822,-0.00318007
Riedones3D_Registration_Benchmark/test/die_reverse_0014/L0065R.ply,icp,0,100,0,7.29187,20,5551.56,0,0.119393,-0.948065,-0.294817,0.710893,-0.125659,0.691983,-0.693092,-0.292201,0.65897,0,0,0
Riedones3D_Registration_Benchmark/test/die_reverse_0014/L0065R.ply,gicp,0,100,0,3.51842e-15,20,22392.8,4650.69,0.119393,-0.948065,-0.294817,0.710893,-0.125659,0.691983,-0.693092,-0.292201,0.65897,0,0,0
Riedones3D_Registration_Benchmark/test/die_reverse_0014/L0065R.ply,icp,0,100,0.005,8.84061,20,5590,0,0.235857,0.913412,0.331739,-0.620387,-0.121229,0.77487,0.747992,-0.388564,0.538076,-0.00325042,0.00359338,0.00123387
Riedones3D_Registration_Benchmark/test/die_reverse_0014/L0065R.ply,gicp,0,100,0.005,4.52134e-15,18,19988.2,4647.16,0.235857,0.913412,0.331739,-0.620387,-0.121229,0.77487,0.747992,-0.388564,0.538076,-0.00325042,0.00359338,0.00123387
Riedones3D_Registration_Benchmark/test/die_reverse_0014/L0065R.ply,icp,0,100,0.01,9.69159,20,5355.8,0,-0.0193142,-0.959053,-0.282568,0.86299,-0.1587,0.479649,-0.504852,-0.234589,0.830718,0.00892379,-0.00345753,0.00290024
Riedones3D_Registration_Benchmark/test/die_reverse_0014/L0065R.ply,gicp,0,100,0.01,1.099e-12,19,21395.1,4627.8,-0.0193142,-0.959053,-0.282568,0.86299,-0.1587,0.479649,-0.504852,-0.234589,0.830718,0.00892379,-0.00345753,0.00290024
Riedones3D_Registration_Benchmark/test/die_reverse_0014/L0065R.ply,icp,0.0005,10,0,0.574706,20,4269.67,0,0.994429,-0.102989,0.0224405,0.0988857,0.985245,0.13969,-0.036496,-0.136693,0.989941,0,0,0
Riedones3D_Registration_Benchmark/test/die_reverse_0014/L0065R.ply,gicp,0.0005,10,0,0.000862936,6,6231.67,4623.49,0.994429,-0.102989,0.0224405,0.0988857,0.985245,0.13969,-0.036496,-0.136693,0.989941,0,0,0
Riedones3D_Registration_Benchmark/test/die_reverse_0014/L0065R.ply,icp,0.0005,10,0.005,0.733399,20,4302,0,0.985738,-0.163817,-0.0385182,0.165331,0.985423,0.0400811,0.0313908,-0.0458777,0.998454,0.00295469,0.00316323,0.00250276
Riedones3D_Registration_Benchmark/test/die_reverse_0014/L0065R.ply,gicp,0.0005,10,0.005,0.000864157,5,5107.81,4620.22,0.985738,-0.163817,-0.0385182,0.165331,0.985423,0.0400811,0.0313908,-0.0458777,0.998454,0.00295469,0.00316323,0.00250276
Riedones3D_Registration_Benchmark/test/die_reverse_0014/L0065R.ply,icp,0.0005,10,0.01,1.01522,20,3950.09,0,0.986472,-0.128492,0.101797,0.134167,0.989646,-0.0509917,-0.0941911,0.0639597,0.993497,-0.00763297,-0.00027234,0.00645473
Riedones3D_Registration_Benchmark/test/die_reverse_0014/L0065R.ply,gicp,0.0005,10,0.01,0.000867764,6,6118.75,4630.04,0.986472,-0.128492,0.101797,0.134167,0.989646,-0.0509917,-0.0941911,0.0639597,0.993497,-0.00763297,-0.00027234,0.00645473
Riedones3D_Registration_Benchmark/test/die_reverse_0014/L0065R.ply,icp,0.0005,50,0,3.58855,20,5303.58,0,0.784462,-0.431032,0.445903,0.121488,0.811868,0.571062,-0.608161,-0.393805,0.689245,0,0,0
Riedones3D_Registration_Benchmark/test/die_reverse_0014/L0065R.ply,gicp,0.0005,50,0,0.000869094,15,16227,4629.72,0.784462,-0.431032,0.445903,0.121488,0.811868,0.571062,-0.608161,-0.393805,0.689245,0,0,0
Riedones3D_Registration_Benchmark/test/die_reverse_0014/L0065R.ply,icp,0.0005,50,0.005,5.0324,20,5190.18,0,0.770994,0.610268,0.182048,-0.42756,0.707882,-0.562223,-0.471976,0.355634,0.806699,0.00266382,0.00200432,-0.0037265
Riedones3D_Registration_Benchmark/test/die_reverse_0014/L0065R.ply,gicp,0.0005,50,0.005,0.0104727,20,22636.8,4645.59,0.770994,0.610268,0.182048,-0.42756,0.707882,-0.562223,-0.471976,0.355634,0.806699,0.00266382,0.00200432,-0.0037265
Riedones3D_Registration_Benchmark/test/die_reverse_0014/L0065R.ply,icp,0.0005,50,0.01,0.987677,20,4761.67,0,0.723641,0.0383514,0.68911,0.256661,0.911894,-0.320273,-0.640678,0.40863,0.65004,-0.00300761,0.00735221,0.00607448
Riedones3D_Registration_Benchmark/test/die_reverse_0014/L0065R.ply,gicp,0.0005,50,0.01,0.000867653,12,13369.5,4636.66,0.723641,0.0383514,0.68911,0.256661,0.911894,-0.320273,-0.640678,0.40863,0.65004,-0.00300761,0.00735221,0.00607448
Riedones3D_Registration_Benchmark/test/die_reverse_0014/L0065R.ply,icp,0.0005,100,0,10.6429,20,6043.9,0,0.647103,0.746385,0.155458,0.152919,0.0726955,-0.985561,-0.746909,0.661533,-0.0670952,0,0,0
Riedones3D_Registration_Benchmark/test/die_reverse_0014/L0065R.ply,gicp,0.0005,100,0,17.4914,20,26405.5,4648.43,0.647103,0.746385,0.155458,0.152919,0.0726955,-0.985561,-0.746909,0.661533,-0.0670952,0,0,0
Riedones3D_Registration_Benchmark/test/die_reverse_0014/L0065R.ply,icp,0.0005,100,0.005,10.7397,20,5695.39,0,0.2353,0.798609,-0.553947,-0.791213,-0.173615,-0.586378,-0.564461,0.576265,0.591018,-0.00435785,-0.00243775,0.000257935
Riedones3D_Registration_Benchmark/test/die_reverse_0014/L0065R.ply,gicp,0.0005,100,0.005,0.000864514,15,17266.8,4642.2,0.2353,0.798609,-0.553947,-0.791213,-0.173615,-0.586378,-0.564461,0.576265,0.591018,-0.00435785,-0.00243775,0.000257935
Riedones3D_Registration_Benchmark/test/die_reverse_0014/L0065R.ply,icp,0.0005,100,0.01,9.83651,20,5552.47,0,-0.0471912,0.859053,0.509707,-0.285166,0.477454,-0.831095,-0.957316,-0.184572,0.222441,-0.00302655,-0.00192555,-0.00933447
Riedones3D_Registration_Benchmark/test/die_reverse_0014/L0065R.ply,gicp,0.0005,100,0.01,11.1605,20,25805.3,4624.7,-0.0471912,0.859053,0.509707,-0.285166,0.477454,-0.831095,-0.957316,-0.184572,0.222441,-0.00302655,-0.00192555,-0.00933447
Riedones3D_Registration_Benchmark/test/die_reverse_0014/L0065R.ply,icp,0.001,10,0,0.999333,20,3888.72,0,0.986409,0.138336,-0.0886569,-0.13308,0.98912,0.0627048,0.0963666,-0.0500541,0.994087,0,0,0
Riedones3D_Registration_Benchmark/test/die_reverse_0014/L0065R.ply,gicp,0.001,10,0,0.00173264,6,6125.08,4625.15,0.986409,0.138336,-0.0886569,-0.13308,0.98912,0.0627048,0.0963666,-0.0500541,0.994087,0,0,0
Riedones3D_Registration_Benchmark/test/die_reverse_0014/L0065R.ply,icp,0.001,10,0.005,0.300348,20,4366.6,0,0.999831,0.00874862,0.0161755,-0.0114106,0.984926,0.172601,-0.0144216,-0.172757,0.984859,-0.00271301,-0.00193478,0.00372776
Riedones3D_Registration_Benchmark/test/die_reverse_0014/L0065R.ply,gicp,0.001,10,0.005,0.00173512,6,6304.5,4629.52,0.999831,0.00874862,0.0161755,-0.0114106,0.984926,0.172601,-0.0144216,-0.172757,0.984859,-0.00271301,-0.00193478,0.00372776
Riedones3D_Registration_Benchmark/test/die_reverse_0014/L0065R.ply,icp,0.001,10,0.01,0.996231,20,4302.01,0,0.990413,0.138128,-0.00162403,-0.137523,0.984824,-0.105872,-0.0130246,0.105081,0.994378,-0.00352463,0.00439677,-0.00826108
Riedones3D_Registration_Benchmark/test/die_reverse_0014/L0065R.ply,gicp,0.001,10,0.01,0.0017314,7,7172.38,4625.2,0.990413,0.138128,-0.00162403,-0.137523,0.984824,-0.105872,-0.0130246,0.105081,0.994378,-0.00352463,0.00439677,-0.00826108
Riedones3D_Registration_Benchmark/test/die_reverse_0014/L0065R.ply,icp,0.001,50,0,4.07375,20,5458.37,0,0.791195,0.59415,0.144899,-0.57558,0.643368,0.504761,0.206681,-0.482766,0.851011,0,0,0
Riedones3D_Registration_Benchmark/test/die_reverse_0014/L0065R.ply,gicp,0.001,50,0,0.00173082,12,13393,4638.86,0.791195,0.59415,0.144899,-0.57558,0.643368,0.504761,0.206681,-0.482766,0.851011,0,0,0
Riedones3D_Registration_Benchmark/test/die_reverse_0014/L0065R.ply,icp,0.001,50,0.005,1.0663,20,4968.7,0,0.828634,-0.39495,-0.396713,0.554415,0.676995,0.484048,0.077398,-0.621042,0.779947,-0.00220789,0.00426776,0.00138255
Riedones3D_Registration_Benchmark/test/die_reverse_0014/L0065R.ply,gicp,0.001,50,0.005,0.00173137,11,11979,4638.84,0.828634,-0.39495,-0.396713,0.554415,0.676995,0.484048,0.077398,-0.621042,0.779947,-0.00220789,0.00426776,0.00138255
Riedones3D_Registration_Benchmark/test/die_reverse_0014/L0065R.ply,icp,0.001,50,0.01,3.87982,20,4683.58,0,0.642788,-0.700639,-0.309722,0.701039,0.70101,-0.130878,0.308816,-0.133,0.941777,-0.00729904,-0.000540811,0.00681407
Riedones3D_Registration_Benchmark/test/die_reverse_0014/L0065R.ply,gicp,0.001,50,0.01,0.001734,13,14373.8,4643.84,0.642788,-0.700639,-0.309722,0.701039,0.70101,-0.130878,0.308816,-0.133,0.941777,-0.00729904,-0.000540811,0.00681407
Riedones3D_Registration_Benchmark/test/die_reverse_0014/L0065R.ply,icp,0.001,100,0,11.0892,20,5600.19,0,0.142584,0.970604,-0.193901,-0.60684,-0.0690384,-0.79182,-0.78193,0.230568,0.579158,0,0,0
Riedones3D_Registration_Benchmark/test/die_reverse_0014/L0065R.ply,gicp,0.001,100,0,70.964,20,30546.9,4633.51,0.142584,0.970604,-0.193901,-0.60684,-0.0690384,-0.79182,-0.78193,0.230568,0.579158,0,0,0
Riedones3D_Registration_Benchmark/test/die_reverse_0014/L0065R.ply,icp,0.001,100,0.005,12.7143,20,5043.9,0,-0.152523,-0.0711658,-0.985734,-0.23974,0.970278,-0.0329548,0.958781,0.231294,-0.165051,-0.00463629,-0.00180001,-0.000514575
Riedones3D_Registration_Benchmark/test/die_reverse_0014/L0065R.ply,gicp,0.001,100,0.005,21.2627,20,26435.3,4632.51,-0.152523,-0.0711658,-0.985734,-0.23974,0.970278,-0.0329548,0.958781,0.231294,-0.165051,-0.00463629,-0.00180001,-0.000514575
Riedones3D_Registration_Benchmark/test/die_reverse_0014/L0065R.ply,icp,0.001,100,0.01,4.64068,20,5205.76,0,0.106494,0.679807,0.725618,0.295466,0.675168,-0.675905,-0.949399,0.286375,-0.128958,-0.00399315,-0.00589919,-0.00701815
Riedones3D_Registration_Benchmark/test/die_reverse_0014/L0065R.ply,gicp,0.001,100,0.01,43.949,20,27408.8,4638.91,0.106494,0.679807,0.725618,0.295466,0.675168,-0.675905,-0.949399,0.286375,-0.128958,-0.00399315,-0.00589919,-0.00701815
Riedones3D_Registration_Benchmark/test/die_reverse_0017/L0056R.ply,icp,0,10,0,0.44005,20,3804,0,0.995752,-0.00786948,0.0917375,-0.00576638,0.989055,0.147434,-0.0918937,-0.147337,0.984808,0,0,0
Riedones3D_Registration_Benchmark/test/die_reverse_0017/L0056R.ply,gicp,0,10,0,4.23544e-15,6,5704.99,4290.06,0.995752,-0.00786948,0.0917375,-0.00576638,0.989055,0.147434,-0.0918937,-0.147337,0.984808,0,0,0
Riedones3D_Registration_Benchmark/test/die_reverse_0017/L0056R.ply,icp,0,10,0.005,1.7646,20,3868.13,0,0.986943,0.153167,-0.0498279,-0.156103,0.985817,-0.0616182,0.0396834,0.068592,0.996855,0.00235358,0.00385431,-0.00214591
Riedones3D_Registration_Benchmark/test/die_reverse_0017/L0056R.ply,gicp,0,10,0.005,1.71891e-12,11,10393.2,4302.48,0.986943,0.153167,-0.0498279,-0.156103,0.985817,-0.0616182,0.0396834,0.068592,0.996855,0.00235358,0.00385431,-0.00214591
Riedones3D_Registration_Benchmark/test/die_reverse_0017/L0056R.ply,icp,0,10,0.01,1.86408,20,3699.38,0,0.984847,-0.172594,-0.0169644,0.172738,0.98494,0.00740326,0.0154312,-0.0102215,0.999829,-0.00733415,-0.00671481,-0.00105906
Riedones3D_Registration_Benchmark/test/die_reverse_0017/L0056R.ply,gicp,0,10,0.01,3.74202e-13,10,9374.44,4300.4,0.984847,-0.172594,-0.0169644,0.172738,0.98494,0.00740326,0.0154312,-0.0102215,0.999829,-0.00733415,-0.00671481,-0.00105906
Riedones3D_Registration_Benchmark/test/die_reverse_0017/L0056R.ply,icp,0,50,0,4.71992,20,4350.56,0,0.645549,0.473169,-0.599481,-0.422503,0.875155,0.235786,0.636205,0.101071,0.764871,0,0,0
Riedones3D_Registration_Benchmark/test/die_reverse_0017/L0056R.ply,gicp,0,50,0,0.139594,20,19822.4,4320.88,0.645549,0.473169,-0.599481,-0.422503,0.875155,0.235786,0.636205,0.101071,0.764871,0,0,0
Riedones3D_Registration_Benchmark/test/die_reverse_0017/L0056R.ply,icp,0,50,0.005,7.57047,20,4666.39,0,0.705186,0.609984,-0.361432,-0.701067,0.676026,-0.226924,0.105917,0.413411,0.904363,0.00387419,-0.00308479,-0.00068897
Riedones3D_Registration_Benchmark/test/die_reverse_0017/L0056R.ply,gicp,0,50,0.005,4.10531,20,19813.3,4315.89,0.705186,0.609984,-0.361432,-0.701067,0.676026,-0.226924,0.105917,0.413411,0.904363,0.00387419,-0.00308479,-0.00068897
Riedones3D_Registration_Benchmark/test/die_reverse_0017/L0056R.ply,icp,0,50,0.01,4.99163,20,4544.11,0,0.876842,-0.104758,-0.469227,0.388682,0.728892,0.563597,0.282975,-0.676566,0.679841,-0.00331456,-0.00595834,-0.00731518
Riedones3D_Registration_Benchmark/test/die_reverse_0017/L0056R.ply,gicp,0,50,0.01,0.737233,20,19851.2,4318.92,0.876842,-0.104758,-0.469227,0.388682,0.728892,0.563597,0.282975,-0.676566,0.679841,-0.00331456,-0.00595834,-0.00731518
Riedones3D_Registration_Benchmark/test/die_reverse_0017/L0056R.ply,icp,0,100,0,15.257,20,4284.49,0,0.731224,-0.122757,-0.671,0.664742,-0.0924908,0.741325,-0.153064,-0.988118,0.01397,0,0,0
Riedones3D_Registration_Benchmark/test/die_reverse_0017/L0056R.ply,gicp,0,100,0,25.182,20,26399.4,4307.63,0.731224,-0.122757,-0.671,0.664742,-0.0924908,0.741325,-0.153064,-0.988118,0.01397,0,0,0
Riedones3D_Registration_Benchmark/test/die_reverse_0017/L0056R.ply,icp,0,100,0.005,14.1577,20,4008.58,0,0.0358122,-0.881579,-0.470676,0.903134,-0.173094,0.392922,-0.427863,-0.439155,0.789985,-0.00409639,-0.00258043,0.00124938
Riedones3D_Registration_Benchmark/test/die_reverse_0017/L0056R.ply,gicp,0,100,0.005,13.7206,20,20083.8,4317.84,0.0358122,-0.881579,-0.470676,0.903134,-0.173094,0.392922,-0.427863,-0.439155,0.789985,-0.00409639,-0.00258043,0.00124938
Riedones3D_Registration_Benchmark/test/die_reverse_0017/L0056R.ply,icp,0,100,0.01,11.9499,20,4077.43,0,0.437166,-0.899092,0.0228011,0.112297,0.0797208,0.990472,-0.892342,-0.43044,0.135816,-0.00464749,0.00309812,-0.00829473
Riedones3D_Registration_Benchmark/test/die_reverse_0017/L0056R.ply,gicp,0,100,0.01,5.87601,20,21430.5,4309.21,0.437166,-0.899092,0.0228011,0.112297,0.0797208,0.990472,-0.892342,-0.43044,0.135816,-0.00464749,0.00309812,-0.00829473
Riedones3D_Registration_Benchmark/test/die_reverse_0017/L0056R.ply,icp,0.0005,10,0,1.63632,20,3612.64,0,0.985374,0.159175,0.0608458,-0.157031,0.98684,-0.0385696,-0.0661844,0.0284508,0.997402,0,0,0
Riedones3D_Registration_Benchmark/test/die_reverse_0017/L0056R.ply,gicp,0.0005,10,0,0.000864872,10,9399.51,4299.86,0.985374,0.159175,0.0608458,-0.157031,0.98684,-0.0385696,-0.0661844,0.0284508,0.997402,0,0,0
Riedones3D_Registration_Benchmark/test/die_reverse_0017/L0056R.ply,icp,0.0005,10,0.005,1.16622,20,3798.12,0,0.988617,0.13475,-0.0669267,-0.128382,0.98747,0.0917679,0.0784538,-0.0821312,0.993529,2.33176e-05,0.00132889,-0.00482011
Riedones3D_Registration_Benchmark/test/die_reverse_0017/L0056R.ply,gicp,0.0005,10,0.005,0.000865166,8,7552.97,4305.62,0.988617,0.13475,-0.0669267,-0.128382,0.98747,0.0917679,0.0784538,-0.0821312,0.993529,2.33176e-05,0.00132889,-0.00482011
Riedones3D_Registration_Benchmark/test/die_reverse_0017/L0056R.ply,icp,0.0005,10,0.01,0.787336,20,3854.68,0,0.997052,-0.0384397,0.0664099,0.0276004,0.987207,0.157039,-0.0715968,-0.154743,0.985357,0.00733536,-0.0057975,0.00354704
Riedones3D_Registration_Benchmark/test/die_reverse_0017/L0056R.ply,gicp,0.0005,10,0.01,0.000862995,7,6650.48,4308.96,0.997052,-0.0384397,0.0664099,0.0276004,0.987207,0.157039,-0.0715968,-0.154743,0.985357,0.00733536,-0.0057975,0.00354704
Riedones3D_Registration_Benchmark/test/die_reverse_0017/L0056R.ply,icp,0.0005,50,0,8.25077,20,4108.08,0,0.647119,-0.759209,-0.069561,0.762341,0.643354,0.0702263,-0.00856417,-0.098474,0.995103,0,0,0
Riedones3D_Registration_Benchmark/test/die_reverse_0017/L0056R.ply,gicp,0.0005,50,0,7.35517,20,19605.3,4306.79,0.647119,-0.759209,-0.069561,0.762341,0.643354,0.0702263,-0.00856417,-0.098474,0.995103,0,0,0
Riedones3D_Registration_Benchmark/test/die_reverse_0017/L0056R.ply,icp,0.0005,50,0.005,3.04396,20,4244.45,0,0.674563,-0.31078,0.669612,0.481707,0.87265,-0.0802558,-0.559395,0.376695,0.738362,0.00371793,0.000442862,0.00331374
Riedones3D_Registration_Benchmark/test/die_reverse_0017/L0056R.ply,gicp,0.0005,50,0.005,0.000865654,19,18564.2,4322.57,0.674563,-0.31078,0.669612,0.481707,0.87265,-0.0802558,-0.559395,0.376695,0.738362,0.00371793,0.000442862,0.00331374
Riedones3D_Registration_Benchmark/test/die_reverse_0017/L0056R.ply,icp,0.0005,50,0.01,2.06385,20,4239.04,0,0.643824,-0.275731,0.713767,0.311219,0.946536,0.0849274,-0.699023,0.16746,0.695215,0.00491174,0.00859447,-0.00141768
Riedones3D_Registration_Benchmark/test/die_reverse_0017/L0056R.ply,gicp,0.0005,50,0.01,0.000868864,15,15014.5,4321.85,0.643824,-0.275731,0.713767,0.311219,0.946536,0.0849274,-0.699023,0.16746,0.695215,0.00491174,0.00859447,-0.00141768
Riedones3D_Registration_Benchmark/test/die_reverse_0017/L0056R.ply,icp,0.0005,100,0,12.4916,20,4514.71,0,-0.173366,0.908988,0.379059,-0.894359,0.015857,-0.447069,-0.412391,-0.416521,0.810212,0,0,0
Riedones3D_Registration_Benchmark/test/die_reverse_0017/L0056R.ply,gicp,0.0005,100,0,12.0141,20,19978.3,4320.62,-0.173366,0.908988,0.379059,-0.894359,0.015857,-0.447069,-0.412391,-0.416521,0.810212,0,0,0
Riedones3D_Registration_Benchmark/test/die_reverse_0017/L0056R.ply,icp,0.0005,100,0.005,11.9133,20,4863.72,0,0.268153,0.664459,-0.697559,-0.866203,-0.150617,-0.476452,-0.421647,0.73199,0.535168,0.00047382,0.000411261,0.00496048
Riedones3D_Registration_Benchmark/test/die_reverse_0017/L0056R.ply,gicp,0.0005,100,0.005,10.3601,20,21186.6,4322.22,0.268153,0.664459,-0.697559,-0.866203,-0.150617,-0.476452,-0.421647,0.73199,0.535168,0.00047382,0.000411261,0.00496048
Riedones3D_Registration_Benchmark/test/die_reverse_0017/L0056R.ply,icp,0.0005,100,0.01,7.08273,20,4443.37,0,-0.165353,-0.476236,-0.86363,0.295434,0.811553,-0.504084,0.940945,-0.338497,0.00650365,-0.00108296,-0.000591771,0.00992356
Riedones3D_Registration_Benchmark/test/die_reverse_0017/L0056R.ply,gicp,0.0005,100,0.01,12.1536,20,22347.8,4312.37,-0.165353,-0.476236,-0.86363,0.295434,0.811553,-0.504084,0.940945,-0.338497,0.00650365,-0.00108296,-0.000591771,0.00992356
Riedones3D_Registration_Benchmark/test/die_reverse_0017/L0056R.ply,icp,0.001,10,0,0.914731,20,3963.74,0,0.996061,0.0586956,0.0664591,-0.0480817,0.98731,-0.151348,-0.0744992,0.147557,0.986244,0,0,0
Riedones3D_Registration_Benchmark/test/die_reverse_0017/L0056R.ply,gicp,0.001,10,0,0.00173349,9,8601,4300.71,0.996061,0.0586956,0.0664591,-0.0480817,0.98731,-0.151348,-0.0744992,0.147557,0.986244,0,0,0
Riedones3D_Registration_Benchmark/test/die_reverse_0017/L0056R.ply,icp,0.001,10,0.005,1.05253,20,3254.78,0,0.98492,-0.110002,-0.133541,0.111993,0.993681,0.00747159,0.131875,-0.0223146,0.991015,-0.000386414,-0.00497512,-0.000314378
Riedones3D_Registration_Benchmark/test/die_reverse_0017/L0056R.ply,gicp,0.001,10,0.005,0.00173322,7,6562.07,4295,0.98492,-0.110002,-0.133541,0.111993,0.993681,0.00747159,0.131875,-0.0223146,0.991015,-0.000386414,-0.00497512,-0.000314378
Riedones3D_Registration_Benchmark/test/die_reverse_0017/L0056R.ply,icp,0.001,10,0.01,0.168124,20,3847.6,0,0.995258,-0.0475399,-0.0848637,0.0347909,0.988696,-0.145841,0.0908377,0.142197,0.985662,-0.000311467,0.00639076,-0.00768512
Riedones3D_Registration_Benchmark/test/die_reverse_0017/L0056R.ply,gicp,0.001,10,0.01,0.00173545,6,5765.04,4292.71,0.995258,-0.0475399,-0.0848637,0.0347909,0.988696,-0.145841,0.0908377,0.142197,0.985662,-0.000311467,0.00639076,-0.00768512
Riedones3D_Registration_Benchmark/test/die_reverse_0017/L0056R.ply,icp,0.001,50,0,4.28888,20,4845.11,0,0.934808,0.345824,-0.0808644,-0.299329,0.644638,-0.703451,-0.191142,0.681797,0.706129,0,0,0
Riedones3D_Registration_Benchmark/test/die_reverse_0017/L0056R.ply,gicp,0.001,50,0,5.90158,20,19982.1,4314.16,0.934808,0.345824,-0.0808644,-0.299329,0.644638,-0.703451,-0.191142,0.681797,0.706129,0,0,0
Riedones3D_Registration_Benchmark/test/die_reverse_0017/L0056R.ply,icp,0.001,50,0.005,6.91387,20,4367.67,0,0.654514,0.738582,-0.161579,-0.701004,0.672894,0.236236,0.283206,-0.0413527,0.958167,-0.00373436,-0.00148925,0.00297266
Riedones3D_Registration_Benchmark/test/die_reverse_0017/L0056R.ply,gicp,0.001,50,0.005,4.67016,20,19471.9,4310.94,0.654514,0.738582,-0.161579,-0.701004,0.672894,0.236236,0.283206,-0.0413527,0.958167,-0.00373436,-0.00148925,0.00297266
Riedones3D_Registration_Benchmark/test/die_reverse_0017/L0056R.ply,icp,0.001,50,0.01,3.10308,20,4614.24,0,0.992653,-0.12048,-0.0111409,0.0866504,0.643605,0.760437,-0.0844473,-0.755815,0.649317,-0.00300797,0.00615511,-0.00728469
Riedones3D_Registration_Benchmark/test/die_reverse_0017/L0056R.ply,gicp,0.001,50,0.01,0.00173631,10,10628.6,4316.84,0.992653,-0.12048,-0.0111409,0.0866504,0.643605,0.760437,-0.0844473,-0.755815,0.649317,-0.00300797,0.00615511,-0.00728469
Riedones3D_Registration_Benchmark/test/die_reverse_0017/L0056R.ply,icp,0.001,100,0,11.9716,20,4439.11,0,-0.0384748,-0.140108,0.989388,0.788518,0.603938,0.116187,-0.613808,0.784621,0.0872409,0,0,0
Riedones3D_Registration_Benchmark/test/die_reverse_0017/L0056R.ply,gicp,0.001,100,0,7.46366,20,20419.4,4318.27,-0.0384748,-0.140108,0.989388,0.788518,0.603938,0.116187,-0.613808,0.784621,0.0872409,0,0,0
Riedones3D_Registration_Benchmark/test/die_reverse_0017/L0056R.ply,icp,0.001,100,0.005,12.7857,20,5287.95,0,0.814046,-0.493672,0.305969,-0.348663,0.00594414,0.937229,-0.464503,-0.869628,-0.167287,0.000150504,-0.00157751,0.00474224
Riedones3D_Registration_Benchmark/test/die_reverse_0017/L0056R.ply,gicp,0.001,100,0.005,8.29901,20,28223.9,4322.5,0.814046,-0.493672,0.305969,-0.348663,0.00594414,0.937229,-0.464503,-0.869628,-0.167287,0.000150504,-0.00157751,0.00474224
Riedones3D_Registration_Benchmark/test/die_reverse_0017/L0056R.ply,icp,0.001,100,0.01,10.753,20,4344.57,0,-0.0174762,-0.829273,0.55857,0.974107,-0.140069,-0.177474,0.225413,0.541005,0.810249,-0.00687038,-0.00315044,0.00654772
Riedones3D_Registration_Benchmark/test/die_reverse_0017/L0056R.ply,gicp,0.001,100,0.01,11.7931,20,20156.1,4315.56,-0.0174762,-0.829273,0.55857,0.974107,-0.140069,-0.177474,0.225413,0.541005,0.810249,-0.00687038,-0.00315044,0.00654772
Riedones3D_Registration_Benchmark/test/die_obverse_beard_0001a/L0072D.ply,icp,0,10,0,1.2128,20,4009.86,0,0.991941,0.120297,-0.0397725,-0.124187,0.985338,-0.11699,0.0251159,0.120986,0.992336,0,0,0
Riedones3D_Registration_Benchmark/test/die_obverse_beard_0001a/L0072D.ply,gicp,0,10,0,3.44713e-15,8,8176.65,4593.87,0.991941,0.120297,-0.0397725,-0.124187,0.985338,-0.11699,0.0251159,0.120986,0.992336,0,0,0
Riedones3D_Registration_Benchmark/test/die_obverse_beard_0001a/L0072D.ply,icp,0,10,0.005,0.299024,20,3997.71,0,0.985564,-0.0330078,-0.166055,0.0265029,0.998798,-0.0412383,0.167217,0.0362421,0.985254,-0.00302736,-0.0025044,-0.00309242
Riedones3D_Registration_Benchmark/test/die_obverse_beard_0001a/L0072D.ply,gicp,0,10,0.005,1.92825e-11,5,5125.4,4607.53,0.985564,-0.0330078,-0.166055,0.0265029,0.998798,-0.0412383,0.167217,0.0362421,0.985254,-0.00302736,-0.0025044,-0.00309242
Riedones3D_Registration_Benchmark/test/die_obverse_beard_0001a/L0072D.ply,icp,0,10,0.01,0.509985,20,4168.57,0,0.995818,-0.0473166,-0.0781529,0.0352172,0.988132,-0.149516,0.0842999,0.146139,0.985666,-0.0042637,0.00560412,-0.00710033
Riedones3D_Registration_Benchmark/test/die_obverse_beard_0001a/L0072D.ply,gicp,0,10,0.01,2.59035e-15,6,6242.41,4605.7,0.995818,-0.0473166,-0.0781529,0.0352172,0.988132,-0.149516,0.0842999,0.146139,0.985666,-0.0042637,0.00560412,-0.00710033
Riedones3D_Registration_Benchmark/test/die_obverse_beard_0001a/L0072D.ply,icp,0,50,0,3.08278,20,4852.61,0,0.701204,-0.446392,0.555921,0.213274,0.875361,0.433886,-0.680315,-0.185679,0.70901,0,0,0
Riedones3D_Registration_Benchmark/test/die_obverse_beard_0001a/L0072D.ply,gicp,0,50,0,3.47129e-15,17,18034.1,4618.57,0.701204,-0.446392,0.555921,0.213274,0.875361,0.433886,-0.680315,-0.185679,0.70901,0,0,0
Riedones3D_Registration_Benchmark/test/die_obverse_beard_0001a/L0072D.ply,icp,0,50,0.005,0.682501,20,4699.21,0,0.677028,-0.178108,-0.71408,-0.0311406,0.962472,-0.269587,0.735298,0.204755,0.646075,-0.00355597,-0.000254189,0.00350577
Riedones3D_Registration_Benchmark/test/die_obverse_beard_0001a/L0072D.ply,gicp,0,50,0.005,5.32012e-14,10,11127.8,4624.35,0.677028,-0.178108,-0.71408,-0.0311406,0.962472,-0.269587,0.735298,0.204755,0.646075,-0.00355597,-0.000254189,0.00350577
Riedones3D_Registration_Benchmark/test/die_obverse_beard_0001a/L0072D.ply,icp,0,50,0.01,6.78785,20,4954.41,0,0.645396,0.580463,0.496514,-0.618131,0.778765,-0.106954,-0.448751,-0.237883,0.861414,0.000736105,0.00921299,0.00381825
Riedones3D_Registration_Benchmark/test/die_obverse_beard_0001a/L0072D.ply,gicp,0,50,0.01,2.50804,20,22055.8,4621.58,0.645396,0.580463,0.496514,-0.618131,0.778765,-0.106954,-0.448751,-0.237883,0.861414,0.000736105,0.00921299,0.00381825
Riedones3D_Registration_Benchmark/test/die_obverse_beard_0001a/L0072D.ply,icp,0,100,0,14.588,20,4711.03,0,0.0263893,-0.999432,-0.0209504,0.593267,0.0325258,-0.804348,0.804573,0.00879701,0.593789,0,0,0
Riedones3D_Registration_Benchmark/test/die_obverse_beard_0001a/L0072D.ply,gicp,0,100,0,13.402,20,30841.5,4625.14,0.0263893,-0.999432,-0.0209504,0.593267,0.0325258,-0.804348,0.804573,0.00879701,0.593789,0,0,0
Riedones3D_Registration_Benchmark/test/die_obverse_beard_0001a/L0072D.ply,icp,0,100,0.005,8.93471,20,5271.87,0,-0.0258803,0.20242,0.978957,-0.843358,0.521365,-0.130099,-0.536728,-0.828978,0.157219,0.00136343,0.00389142,0.00282805
Riedones3D_Registration_Benchmark/test/die_obverse_beard_0001a/L0072D.ply,gicp,0,100,0.005,12.6426,20,27819.2,4624.08,-0.0258803,0.20242,0.978957,-0.843358,0.521365,-0.130099,-0.536728,-0.828978,0.157219,0.00136343,0.00389142,0.00282805
Riedones3D_Registration_Benchmark/test/die_obverse_beard_0001a/L0072D.ply,icp,0,100,0.01,11.5879,20,7180.95,0,0.886009,0.400265,0.234041,0.281757,-0.0639065,-0.957355,-0.368239,0.914168,-0.169399,0.00599095,-0.00292156,-0.00745474
Riedones3D_Registration_Benchmark/test/die_obverse_beard_0001a/L0072D.ply,gicp,0,100,0.01,32.3526,20,31970,4626.78,0.886009,0.400265,0.234041,0.281757,-0.0639065,-0.957355,-0.368239,0.914168,-0.169399,0.00599095,-0.00292156,-0.00745474
Riedones3D_Registration_Benchmark/test/die_obverse_beard_0001a/L0072D.ply,icp,0.0005,10,0,1.5807,20,4057.15,0,0.984998,0.15093,0.0836653,-0.152538,0.98821,0.0131267,-0.0806977,-0.0256919,0.996407,0,0,0
Riedones3D_Registration_Benchmark/test/die_obverse_beard_0001a/L0072D.ply,gicp,0.0005,10,0,0.000866809,8,8130.22,4601.14,0.984998,0.15093,0.0836653,-0.152538,0.98821,0.0131267,-0.0806977,-0.0256919,0.996407,0,0,0
Riedones3D_Registration_Benchmark/test/die_obverse_beard_0001a/L0072D.ply,icp,0.0005,10,0.005,0.71054,20,3553.97,0,0.985559,-0.0997707,0.136816,0.105018,0.993966,-0.0316693,-0.13283,0.0455801,0.99009,0.00489251,0.00103036,-4.09155e-05
Riedones3D_Registration_Benchmark/test/die_obverse_beard_0001a/L0072D.ply,gicp,0.0005,10,0.005,0.000863977,6,6060.24,4613.17,0.985559,-0.0997707,0.136816,0.105018,0.993966,-0.0316693,-0.13283,0.0455801,0.99009,0.00489251,0.00103036,-4.09155e-05
Riedones3D_Registration_Benchmark/test/die_obverse_beard_0001a/L0072D.ply,icp,0.0005,10,0.01,0.953009,20,3707.88,0,0.985401,-0.141567,0.0945738,0.14475,0.989081,-0.0276655,-0.0896247,0.0409512,0.995133,-0.00802414,0.00283602,-0.00525074
Riedones3D_Registration_Benchmark/test/die_obverse_beard_0001a/L0072D.ply,gicp,0.0005,10,0.01,0.000866445,7,7084.87,4611.01,0.985401,-0.141567,0.0945738,0.14475,0.989081,-0.0276655,-0.0896247,0.0409512,0.995133,-0.00802414,0.00283602,-0.00525074
Riedones3D_Registration_Benchmark/test/die_obverse_beard_0001a/L0072D.ply,icp,0.0005,50,0,2.31582,20,4597.44,0,0.680415,0.304564,-0.666541,-0.0936917,0.938236,0.333069,0.726814,-0.164176,0.666925,0,0,0
Riedones3D_Registration_Benchmark/test/die_obverse_beard_0001a/L0072D.ply,gicp,0.0005,50,0,0.000864622,12,12552.7,4624.49,0.680415,0.304564,-0.666541,-0.0936917,0.938236,0.333069,0.726814,-0.164176,0.666925,0,0,0
Riedones3D_Registration_Benchmark/test/die_obverse_beard_0001a/L0072D.ply,icp,0.0005,50,0.005,6.64112,20,4584.28,0,0.711205,0.669821,-0.21337,-0.699865,0.646086,-0.304568,-0.0661504,0.365941,0.928284,0.00287956,-0.00394455,0.00107175
Riedones3D_Registration_Benchmark/test/die_obverse_beard_0001a/L0072D.ply,gicp,0.0005,50,0.005,4.73633,20,21207.7,4601.91,0.711205,0.669821,-0.21337,-0.699865,0.646086,-0.304568,-0.0661504,0.365941,0.928284,0.00287956,-0.00394455,0.00107175
Riedones3D_Registration_Benchmark/test/die_obverse_beard_0001a/L0072D.ply,icp,0.0005,50,0.01,5.43874,20,4512.61,0,0.82807,0.526725,0.191993,-0.304068,0.709681,-0.635528,-0.471003,0.467883,0.747825,-0.00423626,0.00271853,-0.00864082
Riedones3D_Registration_Benchmark/test/die_obverse_beard_0001a/L0072D.ply,gicp,0.0005,50,0.01,3.18735,20,22649.9,4622.77,0.82807,0.526725,0.191993,-0.304068,0.709681,-0.635528,-0.471003,0.467883,0.747825,-0.00423626,0.00271853,-0.00864082
Riedones3D_Registration_Benchmark/test/die_obverse_beard_0001a/L0072D.ply,icp,0.0005,100,0,11.5021,20,4957.46,0,-0.125549,0.93126,-0.342041,-0.67285,0.173429,0.719163,0.729048,0.320433,0.604824,0,0,0
Riedones3D_Registration_Benchmark/test/die_obverse_beard_0001a/L0072D.ply,gicp,0.0005,100,0,10.3783,20,22549.7,4626.46,-0.125549,0.93126,-0.342041,-0.67285,0.173429,0.719163,0.729048,0.320433,0.604824,0,0,0
Riedones3D_Registration_Benchmark/test/die_obverse_beard_0001a/L0072D.ply,icp,0.0005,100,0.005,12.5752,20,5149.61,0,0.134435,-0.725246,0.675237,0.931982,-0.138966,-0.33481,0.336654,0.67432,0.657234,-0.00286347,-0.00397703,0.000991873
Riedones3D_Registration_Benchmark/test/die_obverse_beard_0001a/L0072D.ply,gicp,0.0005,100,0.005,11.0993,20,23284.6,4618.69,0.134435,-0.725246,0.675237,0.931982,-0.138966,-0.33481,0.336654,0.67432,0.657234,-0.00286347,-0.00397703,0.000991873
Riedones3D_Registration_Benchmark/test/die_obverse_beard_0001a/L0072D.ply,icp,0.0005,100,0.01,9.64924,20,4888.3,0,-0.103155,0.441732,-0.891197,-0.851961,0.423172,0.308363,0.513343,0.791074,0.332687,0.00898213,-0.00324569,0.00296427
Riedones3D_Registration_Benchmark/test/die_obverse_beard_0001a/L0072D.ply,gicp,0.0005,100,0.01,12.0953,20,25616.1,4625.5,-0.103155,0.441732,-0.891197,-0.851961,0.423172,0.308363,0.513343,0.791074,0.332687,0.00898213,-0.00324569,0.00296427
Riedones3D_Registration_Benchmark/test/die_obverse_beard_0001a/L0072D.ply,icp,0.001,10,0,0.775534,20,4164.85,0,0.994124,0.108202,0.00302996,-0.107604,0.984817,0.136221,0.0117554,-0.135747,0.990674,0,0,0
Riedones3D_Registration_Benchmark/test/die_obverse_beard_0001a/L0072D.ply,gicp,0.001,10,0,0.00172867,8,8299.54,4602.16,0.994124,0.108202,0.00302996,-0.107604,0.984817,0.136221,0.0117554,-0.135747,0.990674,0,0,0
Riedones3D_Registration_Benchmark/test/die_obverse_beard_0001a/L0072D.ply,icp,0.001,10,0.005,1.46627,20,4062.29,0,0.985041,0.130626,0.11239,-0.13303,0.991011,0.0141328,-0.109534,-0.0288728,0.993564,-0.00224044,-0.00187142,0.00405933
Riedones3D_Registration_Benchmark/test/die_obverse_beard_0001a/L0072D.ply,gicp,0.001,10,0.005,0.00173193,8,8118.55,4613.24,0.985041,0.130626,0.11239,-0.13303,0.991011,0.0141328,-0.109534,-0.0288728,0.993564,-0.00224044,-0.00187142,0.00405933
Riedones3D_Registration_Benchmark/test/die_obverse_beard_0001a/L0072D.ply,icp,0.001,10,0.01,0.457839,20,4022.97,0,0.986632,-0.0116277,0.162547,0.00175863,0.998153,0.0607276,-0.162952,-0.05963,0.98483,-0.0058182,0.00664616,-0.00468798
Riedones3D_Registration_Benchmark/test/die_obverse_beard_0001a/L0072D.ply,gicp,0.001,10,0.01,0.00173956,5,5153.56,4614.84,0.986632,-0.0116277,0.162547,0.00175863,0.998153,0.0607276,-0.162952,-0.05963,0.98483,-0.0058182,0.00664616,-0.00468798
Riedones3D_Registration_Benchmark/test/die_obverse_beard_0001a/L0072D.ply,icp,0.001,50,0,3.29541,20,4590.17,0,0.957722,0.279586,-0.0678281,-0.239474,0.644065,-0.726521,-0.159439,0.712048,0.683789,0,0,0
Riedones3D_Registration_Benchmark/test/die_obverse_beard_0001a/L0072D.ply,gicp,0.001,50,0,0.00173242,20,21241.1,4618.26,0.957722,0.279586,-0.0678281,-0.239474,0.644065,-0.726521,-0.159439,0.712048,0.683789,0,0,0
Riedones3D_Registration_Benchmark/test/die_obverse_beard_0001a/L0072D.ply,icp,0.001,50,0.005,5.61673,20,4857.41,0,0.64744,-0.705659,-0.287866,0.732225,0.680713,-0.0218152,0.211348,-0.196659,0.957422,0.00224847,-0.0042655,-0.00132282
Riedones3D_Registration_Benchmark/test/die_obverse_beard_0001a/L0072D.ply,gicp,0.001,50,0.005,0.577552,20,21277.8,4605.71,0.64744,-0.705659,-0.287866,0.732225,0.680713,-0.0218152,0.211348,-0.196659,0.957422,0.00224847,-0.0042655,-0.00132282
Riedones3D_Registration_Benchmark/test/die_obverse_beard_0001a/L0072D.ply,icp,0.001,50,0.01,4.327,20,4773.52,0,0.696574,-0.566964,-0.439701,0.376937,0.810629,-0.448107,0.610494,0.1464,0.778372,0.0052048,0.00760305,0.00388635
Riedones3D_Registration_Benchmark/test/die_obverse_beard_0001a/L0072D.ply,gicp,0.001,50,0.01,2.65509,20,23152.2,4620.51,0.696574,-0.566964,-0.439701,0.376937,0.810629,-0.448107,0.610494,0.1464,0.778372,0.0052048,0.00760305,0.00388635
Riedones3D_Registration_Benchmark/test/die_obverse_beard_0001a/L0072D.ply,icp,0.001,100,0,4.69416,20,4649.56,0,-0.103906,0.320084,0.941674,0.234293,0.928031,-0.289595,-0.966597,0.190537,-0.171421,0,0,0
Riedones3D_Registration_Benchmark/test/die_obverse_beard_0001a/L0072D.ply,gicp,0.001,100,0,11.8565,20,25723.9,4605.38,-0.103906,0.320084,0.941674,0.234293,0.928031,-0.289595,-0.966597,0.190537,-0.171421,0,0,0
Riedones3D_Registration_Benchmark/test/die_obverse_beard_0001a/L0072D.ply,icp,0.001,100,0.005,8.96851,20,5311.04,0,0.272254,0.397134,0.876449,-0.955101,0.000900725,0.296278,0.116873,-0.91776,0.379549,-0.00353292,0.000139275,-0.0035354
Riedones3D_Registration_Benchmark/test/die_obverse_beard_0001a/L0072D.ply,gicp,0.001,100,0.005,8.07267,20,23740.4,4622.7,0.272254,0.397134,0.876449,-0.955101,0.000900725,0.296278,0.116873,-0.91776,0.379549,-0.00353292,0.000139275,-0.0035354
Riedones3D_Registration_Benchmark/test/die_obverse_beard_0001a/L0072D.ply,icp,0.001,100,0.01,4.5561,20,5302.23,0,0.867534,-0.417757,-0.269933,0.220085,-0.164266,0.96155,-0.446035,-0.893586,-0.0505643,0.000735518,0.00626546,-0.00775906
Riedones3D_Registration_Benchmark/test/die_obverse_beard_0001a/L0072D.ply,gicp,0.001,100,0.01,5.86895,20,22849.7,4624.2,0.867534,-0.417757,-0.269933,0.220085,-0.164266,0.96155,-0.446035,-0.893586,-0.0505643,0.000735518,0.00626546,-0.00775906
Riedones3D_Registration_Benchmark/test/die_reverse_0012/L0072R.ply,icp,0,10,0,0.998925,20,3993.82,0,0.988452,-0.0939412,0.118904,0.103768,0.991432,-0.0793342,-0.110432,0.0907564,0.989731,0,0,0
Riedones3D_Registration_Benchmark/test/die_reverse_0012/L0072R.ply,gicp,0,10,0,3.20941e-15,8,8034.01,4559.34,0.988452,-0.0939412,0.118904,0.103768,0.991432,-0.0793342,-0.110432,0.0907564,0.989731,0,0,0
Riedones3D_Registration_Benchmark/test/die_reverse_0012/L0072R.ply,icp,0,10,0.005,0.303447,20,4019.39,0,0.986271,-0.0501096,-0.157349,0.0414976,0.99748,-0.0575498,0.159836,0.0502301,0.985865,0.00374522,0.00324339,-0.000673603
Riedones3D_Registration_Benchmark/test/die_reverse_0012/L0072R.ply,gicp,0,10,0.005,3.18979e-15,6,6058.58,4572.96,0.986271,-0.0501096,-0.157349,0.0414976,0.99748,-0.0575498,0.159836,0.0502301,0.985865,0.00374522,0.00324339,-0.000673603
Riedones3D_Registration_Benchmark/test/die_reverse_0012/L0072R.ply,icp,0,10,0.01,0.233265,20,4105.01,0,0.998317,-0.00960642,0.0571992,0.0188505,0.986389,-0.163343,-0.0548515,0.164147,0.98491,-0.00375496,0.00753666,0.00539435
Riedones3D_Registration_Benchmark/test/die_reverse_0012/L0072R.ply,gicp,0,10,0.01,3.46606e-13,5,5040.99,4563.85,0.998317,-0.00960642,0.0571992,0.0188505,0.986389,-0.163343,-0.0548515,0.164147,0.98491,-0.00375496,0.00753666,0.00539435
Riedones3D_Registration_Benchmark/test/die_reverse_0012/L0072R.ply,icp,0,50,0,5.36535,20,5082.96,0,0.645443,-0.52973,-0.550263,0.483846,0.841004,-0.242085,0.591013,-0.109991,0.799128,0,0,0
Riedones3D_Registration_Benchmark/test/die_reverse_0012/L0072R.ply,gicp,0,50,0,0.876595,20,20918.7,4580.22,0.645443,-0.52973,-0.550263,0.483846,0.841004,-0.242085,0.591013,-0.109991,0.799128,0,0,0
Riedones3D_Registration_Benchmark/test/die_reverse_0012/L0072R.ply,icp,0,50,0.005,6.69983,20,4924.86,0,0.720615,-0.693291,-0.00785662,0.627307,0.656773,-0.418491,0.295296,0.296642,0.908187,0.00258176,-0.0032011,-0.00284386
Riedones3D_Registration_Benchmark/test/die_reverse_0012/L0072R.ply,gicp,0,50,0.005,2.78055,20,20676.1,4575.83,0.720615,-0.693291,-0.00785662,0.627307,0.656773,-0.418491,0.295296,0.296642,0.908187,0.00258176,-0.0032011,-0.00284386
Riedones3D_Registration_Benchmark/test/die_reverse_0012/L0072R.ply,icp,0,50,0.01,6.52098,20,5028.33,0,0.669256,-0.695239,-0.262182,0.607689,0.715187,-0.345284,0.427564,0.0717584,0.901132,-0.00476749,0.00826373,0.00299698
Riedones3D_Registration_Benchmark/test/die_reverse_0012/L0072R.ply,gicp,0,50,0.01,2.94642,20,20682.2,4581.6,0.669256,-0.695239,-0.262182,0.607689,0.715187,-0.345284,0.427564,0.0717584,0.901132,-0.00476749,0.00826373,0.00299698
Riedones3D_Registration_Benchmark/test/die_reverse_0012/L0072R.ply,icp,0,100,0,12.1983,20,5145.03,0,0.860768,0.175629,-0.477738,-0.455104,-0.154771,-0.876885,-0.227947,0.972214,-0.0532927,0,0,0
Riedones3D_Registration_Benchmark/test/die_reverse_0012/L0072R.ply,gicp,0,100,0,12.508,20,22789.7,4572.79,0.860768,0.175629,-0.477738,-0.455104,-0.154771,-0.876885,-0.227947,0.972214,-0.0532927,0,0,0
Riedones3D_Registration_Benchmark/test/die_reverse_0012/L0072R.ply,icp,0,100,0.005,12.0325,20,5195.13,0,0.928364,0.346907,0.133403,0.181623,-0.110277,-0.977165,-0.324274,0.931394,-0.165383,-0.00411709,-0.00275553,-0.000675755
Riedones3D_Registration_Benchmark/test/die_reverse_0012/L0072R.ply,gicp,0,100,0.005,12.2057,20,22654.3,4573.65,0.928364,0.346907,0.133403,0.181623,-0.110277,-0.977165,-0.324274,0.931394,-0.165383,-0.00411709,-0.00275553,-0.000675755
Riedones3D_Registration_Benchmark/test/die_reverse_0012/L0072R.ply,icp,0,100,0.01,3.69169,20,5407.63,0,0.0156062,-0.376601,0.926244,-0.485087,0.807185,0.336367,-0.874326,-0.454559,-0.170088,0.00583651,-0.00811401,0.000312969
Riedones3D_Registration_Benchmark/test/die_reverse_0012/L0072R.ply,gicp,0,100,0.01,6.96981,20,23135.6,4579.44,0.0156062,-0.376601,0.926244,-0.485087,0.807185,0.336367,-0.874326,-0.454559,-0.170088,0.00583651,-0.00811401,0.000312969
Riedones3D_Registration_Benchmark/test/die_reverse_0012/L0072R.ply,icp,0.0005,10,0,1.22107,20,4229.85,0,0.989765,-0.129625,-0.059694,0.134931,0.986227,0.0956504,0.0464731,-0.102726,0.993623,0,0,0
Riedones3D_Registration_Benchmark/test/die_reverse_0012/L0072R.ply,gicp,0.0005,10,0,0.000865731,8,8014.28,4571.41,0.989765,-0.129625,-0.059694,0.134931,0.986227,0.0956504,0.0464731,-0.102726,0.993623,0,0,0
Riedones3D_Registration_Benchmark/test/die_reverse_0012/L0072R.ply,icp,0.0005,10,0.005,1.2319,20,3815.38,0,0.988634,-0.123287,0.0860422,0.130354,0.988071,-0.0820028,-0.0749059,0.0922867,0.992911,0.00300064,-0.00296754,-0.00268139
Riedones3D_Registration_Benchmark/test/die_reverse_0012/L0072R.ply,gicp,0.0005,10,0.005,0.000864544,8,8011.45,4564.39,0.988634,-0.123287,0.0860422,0.130354,0.988071,-0.0820028,-0.0749059,0.0922867,0.992911,0.00300064,-0.00296754,-0.00268139
Riedones3D_Registration_Benchmark/test/die_reverse_0012/L0072R.ply,icp,0.0005,10,0.01,0.28844,20,3804.12,0,0.999005,-0.042895,-0.0122226,0.0402329,0.984933,-0.168194,0.0192531,0.167535,0.985678,0.00181784,0.00963464,0.00196704
Riedones3D_Registration_Benchmark/test/die_reverse_0012/L0072R.ply,gicp,0.0005,10,0.01,0.000865992,6,5999.16,4568.81,0.999005,-0.042895,-0.0122226,0.0402329,0.984933,-0.168194,0.0192531,0.167535,0.985678,0.00181784,0.00963464,0.00196704
Riedones3D_Registration_Benchmark/test/die_reverse_0012/L0072R.ply,icp,0.0005,50,0,3.6078,20,4776.97,0,0.86426,0.431016,-0.259384,-0.496455,0.647622,-0.57803,-0.0811574,0.62834,0.773694,0,0,0
Riedones3D_Registration_Benchmark/test/die_reverse_0012/L0072R.ply,gicp,0.0005,50,0,0.000868918,14,15662.2,4580.21,0.86426,0.431016,-0.259384,-0.496455,0.647622,-0.57803,-0.0811574,0.62834,0.773694,0,0,0
Riedones3D_Registration_Benchmark/test/die_reverse_0012/L0072R.ply,icp,0.0005,50,0.005,4.46772,20,5061.65,0,0.669111,-0.478135,-0.568927,0.321292,0.876421,-0.358689,0.670121,0.0572115,0.740043,0.00121824,0.0038302,0.00297412
Riedones3D_Registration_Benchmark/test/die_reverse_0012/L0072R.ply,gicp,0.0005,50,0.005,0.000867125,20,20561.6,4580.99,0.669111,-0.478135,-0.568927,0.321292,0.876421,-0.358689,0.670121,0.0572115,0.740043,0.00121824,0.0038302,0.00297412
Riedones3D_Registration_Benchmark/test/die_reverse_0012/L0072R.ply,icp,0.0005,50,0.01,6.96135,20,4563.06,0,0.653365,0.756709,0.0224726,-0.743444,0.646947,-0.169562,-0.142848,0.094079,0.985263,-0.00797915,-0.00591395,-0.00116551
Riedones3D_Registration_Benchmark/test/die_reverse_0012/L0072R.ply,gicp,0.0005,50,0.01,0.336023,20,20881.4,4562.91,0.653365,0.756709,0.0224726,-0.743444,0.646947,-0.169562,-0.142848,0.094079,0.985263,-0.00797915,-0.00591395,-0.00116551
Riedones3D_Registration_Benchmark/test/die_reverse_0012/L0072R.ply,icp,0.0005,100,0,11.8735,20,5612.07,0,0.947042,0.126851,-0.294993,0.310779,-0.130924,0.941422,0.0807984,-0.983243,-0.163414,0,0,0
Riedones3D_Registration_Benchmark/test/die_reverse_0012/L0072R.ply,gicp,0.0005,100,0,12.5218,20,23405.7,4564.06,0.947042,0.126851,-0.294993,0.310779,-0.130924,0.941422,0.0807984,-0.983243,-0.163414,0,0,0
Riedones3D_Registration_Benchmark/test/die_reverse_0012/L0072R.ply,icp,0.0005,100,0.005,11.3008,20,4635.56,0,0.311404,0.453075,-0.835315,-0.924445,-0.0591297,-0.376703,-0.220067,0.889509,0.400429,0.00441391,5.6991e-05,-0.00234823
Riedones3D_Registration_Benchmark/test/die_reverse_0012/L0072R.ply,gicp,0.0005,100,0.005,17.1921,20,30355.9,4575.63,0.311404,0.453075,-0.835315,-0.924445,-0.0591297,-0.376703,-0.220067,0.889509,0.400429,0.00441391,5.6991e-05,-0.00234823
Riedones3D_Registration_Benchmark/test/die_reverse_0012/L0072R.ply,icp,0.0005,100,0.01,12.1917,20,6136.09,0,0.39037,-0.334647,-0.857684,-0.779138,0.376209,-0.501408,0.490464,0.863989,-0.113876,0.00197401,0.00461088,-0.00865119
Riedones3D_Registration_Benchmark/test/die_reverse_0012/L0072R.ply,gicp,0.0005,100,0.01,51.405,20,31702.6,4587.04,0.39037,-0.334647,-0.857684,-0.779138,0.376209,-0.501408,0.490464,0.863989,-0.113876,0.00197401,0.00461088,-0.00865119
Riedones3D_Registration_Benchmark/test/die_reverse_0012/L0072R.ply,icp,0.001,10,0,0.974645,20,4457.09,0,0.987481,0.0776234,0.137314,-0.0673488,0.994679,-0.0779578,-0.142635,0.0677339,0.987455,0,0,0
Riedones3D_Registration_Benchmark/test/die_reverse_0012/L0072R.ply,gicp,0.001,10,0,0.00172992,7,7129.28,4567.9,0.987481,0.0776234,0.137314,-0.0673488,0.994679,-0.0779578,-0.142635,0.0677339,0.987455,0,0,0
Riedones3D_Registration_Benchmark/test/die_reverse_0012/L0072R.ply,icp,0.001,10,0.005,1.44787,20,3850.39,0,0.986903,0.154812,-0.0453453,-0.151542,0.986084,0.0683682,0.0552985,-0.0606011,0.996629,0.00247461,0.00173771,0.00398205
Riedones3D_Registration_Benchmark/test/die_reverse_0012/L0072R.ply,gicp,0.001,10,0.005,0.00173584,8,7996.13,4580.52,0.986903,0.154812,-0.0453453,-0.151542,0.986084,0.0683682,0.0552985,-0.0606011,0.996629,0.00247461,0.00173771,0.00398205
Riedones3D_Registration_Benchmark/test/die_reverse_0012/L0072R.ply,icp,0.001,10,0.01,0.145864,20,4019.11,0,0.991339,-0.0153114,-0.130433,0.030126,0.993209,0.112377,0.127827,-0.115333,0.985068,0.0049392,0.00679923,0.00541985
Riedones3D_Registration_Benchmark/test/die_reverse_0012/L0072R.ply,gicp,0.001,10,0.01,0.00173624,5,5059.34,4573.64,0.991339,-0.0153114,-0.130433,0.030126,0.993209,0.112377,0.127827,-0.115333,0.985068,0.0049392,0.00679923,0.00541985
Riedones3D_Registration_Benchmark/test/die_reverse_0012/L0072R.ply,icp,0.001,50,0,0.968976,20,5017.04,0,0.727485,-0.205778,-0.654539,-0.0970676,0.913504,-0.395079,0.679223,0.350949,0.644586,0,0,0
Riedones3D_Registration_Benchmark/test/die_reverse_0012/L0072R.ply,gicp,0.001,50,0,0.00173077,8,8781.12,4583.96,0.727485,-0.205778,-0.654539,-0.0970676,0.913504,-0.395079,0.679223,0.350949,0.644586,0,0,0
Riedones3D_Registration_Benchmark/test/die_reverse_0012/L0072R.ply,icp,0.001,50,0.005,4.50183,20,4632.62,0,0.646304,0.548832,0.530164,-0.497534,0.829864,-0.252559,-0.578577,-0.100545,0.809407,-0.000647471,0.00331674,-0.00368511
Riedones3D_Registration_Benchmark/test/die_reverse_0012/L0072R.ply,gicp,0.001,50,0.005,0.00173267,20,20806.5,4579.58,0.646304,0.548832,0.530164,-0.497534,0.829864,-0.252559,-0.578577,-0.100545,0.809407,-0.000647471,0.00331674,-0.00368511
Riedones3D_Registration_Benchmark/test/die_reverse_0012/L0072R.ply,icp,0.001,50,0.01,1.10256,20,4945.77,0,0.655456,-0.0268414,-0.754756,0.157974,0.982134,0.102262,0.738527,-0.18626,0.647986,-0.00521994,0.00846736,0.00102765
Riedones3D_Registration_Benchmark/test/die_reverse_0012/L0072R.ply,gicp,0.001,50,0.01,0.00172852,11,12456.3,4583.37,0.655456,-0.0268414,-0.754756,0.157974,0.982134,0.102262,0.738527,-0.18626,0.647986,-0.00521994,0.00846736,0.00102765
Riedones3D_Registration_Benchmark/test/die_reverse_0012/L0072R.ply,icp,0.001,100,0,13.6191,20,4519.53,0,-0.135354,0.94486,-0.298191,-0.738469,0.104445,0.66615,0.660563,0.310371,0.683613,0,0,0
Riedones3D_Registration_Benchmark/test/die_reverse_0012/L0072R.ply,gicp,0.001,100,0,74.0332,20,30938.5,4586.45,-0.135354,0.94486,-0.298191,-0.738469,0.104445,0.66615,0.660563,0.310371,0.683613,0,0,0
Riedones3D_Registration_Benchmark/test/die_reverse_0012/L0072R.ply,icp,0.001,100,0.005,12.0707,20,5894.38,0,-0.0523141,0.996997,-0.0570963,-0.779857,-0.0764992,-0.621266,-0.623768,0.012026,0.781517,-0.00440529,-0.00234411,0.000314036
Riedones3D_Registration_Benchmark/test/die_reverse_0012/L0072R.ply,gicp,0.001,100,0.005,14.6164,20,21689.1,4585.04,-0.0523141,0.996997,-0.0570963,-0.779857,-0.0764992,-0.621266,-0.623768,0.012026,0.781517,-0.00440529,-0.00234411,0.000314036
Riedones3D_Registration_Benchmark/test/die_reverse_0012/L0072R.ply,icp,0.001,100,0.01,11.9887,20,5196.61,0,0.879519,0.349434,0.323021,0.362829,-0.0532213,-0.930335,-0.307899,0.935448,-0.173594,0.00957573,0.000599985,-0.00281876
Riedones3D_Registration_Benchmark/test/die_reverse_0012/L0072R.ply,gicp,0.001,100,0.01,12.1129,20,22723,4582.95,0.879519,0.349434,0.323021,0.362829,-0.0532213,-0.930335,-0.307899,0.935448,-0.173594,0.00957573,0.000599985,-0.00281876
Riedones3D_Registration_Benchmark/test/die_obverse_beard_0002b/L0001D.ply,icp,0,10,0,1.25975,20,9887.47,0,0.985107,0.170477,0.0223911,-0.169876,0.98511,-0.0264775,-0.0265715,0.0222794,0.999399,0,0,0
Riedones3D_Registration_Benchmark/test/die_obverse_beard_0002b/L0001D.ply,gicp,0,10,0,2.55378e-15,10,22229.8,10020.1,0.985107,0.170477,0.0223911,-0.169876,0.98511,-0.0264775,-0.0265715,0.0222794,0.999399,0,0,0
Riedones3D_Registration_Benchmark/test/die_obverse_beard_0002b/L0001D.ply,icp,0,10,0.005,1.45943,20,9747.1,0,0.986767,-0.150999,-0.0590757,0.146992,0.986856,-0.0671482,0.0684385,0.0575759,0.995993,0.00345862,9.83309e-05,-0.00360947
Riedones3D_Registration_Benchmark/test/die_obverse_beard_0002b/L0001D.ply,gicp,0,10,0.005,6.89752e-15,9,20126.4,10015.7,0.986767,-0.150999,-0.0590757,0.146992,0.986856,-0.0671482,0.0684385,0.0575759,0.995993,0.00345862,9.83309e-05,-0.00360947
Riedones3D_Registration_Benchmark/test/die_obverse_beard_0002b/L0001D.ply,icp,0,10,0.01,0.829452,20,9837.52,0,0.988873,0.0410538,0.142985,-0.0538016,0.994801,0.0864609,-0.138692,-0.0931917,0.985941,-3.55263e-05,-0.00484704,0.00874671
Riedones3D_Registration_Benchmark/test/die_obverse_beard_0002b/L0001D.ply,gicp,0,10,0.01,2.89348e-15,8,18353.6,10007.1,0.988873,0.0410538,0.142985,-0.0538016,0.994801,0.0864609,-0.138692,-0.0931917,0.985941,-3.55263e-05,-0.00484704,0.00874671
Riedones3D_Registration_Benchmark/test/die_obverse_beard_0002b/L0001D.ply,icp,0,50,0,2.74266,20,11990.2,0,0.653901,-0.256529,-0.711763,0.369378,0.929269,0.00442833,0.660283,-0.265805,0.702406,0,0,0
Riedones3D_Registration_Benchmark/test/die_obverse_beard_0002b/L0001D.ply,gicp,0,50,0,3.14268e-15,14,34164.2,10063.7,0.653901,-0.256529,-0.711763,0.369378,0.929269,0.00442833,0.660283,-0.265805,0.702406,0,0,0
Riedones3D_Registration_Benchmark/test/die_obverse_beard_0002b/L0001D.ply,icp,0,50,0.005,4.68114,20,12199.9,0,0.724791,0.546735,-0.419236,-0.673173,0.691525,-0.261974,0.146682,0.472095,0.869259,0.000692608,0.00418637,-0.00264473
Riedones3D_Registration_Benchmark/test/die_obverse_beard_0002b/L0001D.ply,gicp,0,50,0.005,3.71674,20,48849.8,10038.2,0.724791,0.546735,-0.419236,-0.673173,0.691525,-0.261974,0.146682,0.472095,0.869259,0.000692608,0.00418637,-0.00264473
Riedones3D_Registration_Benchmark/test/die_obverse_beard_0002b/L0001D.ply,icp,0,50,0.01,2.81685,20,13175.8,0,0.652983,-0.356903,0.668007,0.247899,0.934139,0.256768,-0.715653,-0.00206704,0.698453,-0.00172297,-0.00972404,-0.00157305
Riedones3D_Registration_Benchmark/test/die_obverse_beard_0002b/L0001D.ply,gicp,0,50,0.01,5.52076e-13,14,34465,10055,0.652983,-0.356903,0.668007,0.247899,0.934139,0.256768,-0.715653,-0.00206704,0.698453,-0.00172297,-0.00972404,-0.00157305
Riedones3D_Registration_Benchmark/test/die_obverse_beard_0002b/L0001D.ply,icp,0,100,0,5.50227,20,14487.7,0,-0.111822,0.755771,0.645218,-0.32215,0.586654,-0.743005,-0.940061,-0.290941,0.177871,0,0,0
Riedones3D_Registration_Benchmark/test/die_obverse_beard_0002b/L0001D.ply,gicp,0,100,0,6.53926,20,52269,10003.6,-0.111822,0.755771,0.645218,-0.32215,0.586654,-0.743005,-0.940061,-0.290941,0.177871,0,0,0
Riedones3D_Registration_Benchmark/test/die_obverse_beard_0002b/L0001D.ply,icp,0,100,0.005,11.6842,20,15377.5,0,0.857514,-0.374041,-0.353217,0.309822,-0.172648,0.934988,-0.410706,-0.9112,-0.0321623,-0.00498061,0.000154962,-0.00041168
Riedones3D_Registration_Benchmark/test/die_obverse_beard_0002b/L0001D.ply,gicp,0,100,0.005,10.5904,20,57836.6,10044.3,0.857514,-0.374041,-0.353217,0.309822,-0.172648,0.934988,-0.410706,-0.9112,-0.0321623,-0.00498061,0.000154962,-0.00041168
Riedones3D_Registration_Benchmark/test/die_obverse_beard_0002b/L0001D.ply,icp,0,100,0.01,11.8875,20,13190.2,0,-0.0810082,0.743301,-0.664034,-0.993286,-0.00500414,0.115574,0.082583,0.668939,0.738716,0.004902,-0.00666509,0.00561667
Riedones3D_Registration_Benchmark/test/die_obverse_beard_0002b/L0001D.ply,gicp,0,100,0.01,13.1275,20,55872.9,10037.6,-0.0810082,0.743301,-0.664034,-0.993286,-0.00500414,0.115574,0.082583,0.668939,0.738716,0.004902,-0.00666509,0.00561667
Riedones3D_Registration_Benchmark/test/die_obverse_beard_0002b/L0001D.ply,icp,0.0005,10,0,1.63127,20,9624.44,0,0.98638,-0.161876,-0.0291611,0.15998,0.98538,-0.0585952,0.03822,0.053132,0.997856,0,0,0
Riedones3D_Registration_Benchmark/test/die_obverse_beard_0002b/L0001D.ply,gicp,0.0005,10,0,0.000866767,9,20024.7,10009.2,0.98638,-0.161876,-0.0291611,0.15998,0.98538,-0.0585952,0.03822,0.053132,0.997856,0,0,0
Riedones3D_Registration_Benchmark/test/die_obverse_beard_0002b/L0001D.ply,icp,0.0005,10,0.005,0.910843,20,10058.8,0,0.989424,0.124444,-0.0745268,-0.131038,0.987163,-0.0913177,0.0622061,0.100118,0.993029,0.00212709,-0.00195627,0.00408026
Riedones3D_Registration_Benchmark/test/die_obverse_beard_0002b/L0001D.ply,gicp,0.0005,10,0.005,0.000867421,9,20043.4,10015.7,0.989424,0.124444,-0.0745268,-0.131038,0.987163,-0.0913177,0.0622061,0.100118,0.993029,0.00212709,-0.00195627,0.00408026
Riedones3D_Registration_Benchmark/test/die_obverse_beard_0002b/L0001D.ply,icp,0.0005,10,0.01,0.841801,20,9312.34,0,0.988204,0.128976,-0.0825686,-0.121716,0.988688,0.087647,0.092939,-0.0765632,0.992724,0.00111811,0.00402833,0.00908418
Riedones3D_Registration_Benchmark/test/die_obverse_beard_0002b/L0001D.ply,gicp,0.0005,10,0.01,0.000864413,8,17933.8,10005,0.988204,0.128976,-0.0825686,-0.121716,0.988688,0.087647,0.092939,-0.0765632,0.992724,0.00111811,0.00402833,0.00908418
Riedones3D_Registration_Benchmark/test/die_obverse_beard_0002b/L0001D.ply,icp,0.0005,50,0,2.01994,20,12013.9,0,0.712622,0.120691,-0.691088,-0.384204,0.891372,-0.240508,0.586989,0.43691,0.681581,0,0,0
Riedones3D_Registration_Benchmark/test/die_obverse_beard_0002b/L0001D.ply,gicp,0.0005,50,0,0.000865054,16,38497,10047.7,0.712622,0.120691,-0.691088,-0.384204,0.891372,-0.240508,0.586989,0.43691,0.681581,0,0,0
Riedones3D_Registration_Benchmark/test/die_obverse_beard_0002b/L0001D.ply,icp,0.0005,50,0.005,6.67225,20,10444.3,0,0.743511,-0.636923,-0.203768,0.658414,0.643934,0.389667,-0.116974,-0.423885,0.898131,-0.00456954,0.00199137,-0.000392095
Riedones3D_Registration_Benchmark/test/die_obverse_beard_0002b/L0001D.ply,gicp,0.0005,50,0.005,6.62754,20,47099.7,10010,0.743511,-0.636923,-0.203768,0.658414,0.643934,0.389667,-0.116974,-0.423885,0.898131,-0.00456954,0.00199137,-0.000392095
Riedones3D_Registration_Benchmark/test/die_obverse_beard_0002b/L0001D.ply,icp,0.0005,50,0.01,3.86703,20,11927.5,0,0.762033,-0.521232,-0.384217,0.257662,0.78843,-0.558559,0.594067,0.326642,0.735112,0.00295392,0.00955271,-0.000141977
Riedones3D_Registration_Benchmark/test/die_obverse_beard_0002b/L0001D.ply,gicp,0.0005,50,0.01,1.83552,20,47538.1,10057,0.762033,-0.521232,-0.384217,0.257662,0.78843,-0.558559,0.594067,0.326642,0.735112,0.00295392,0.00955271,-0.000141977
Riedones3D_Registration_Benchmark/test/die_obverse_beard_0002b/L0001D.ply,icp,0.0005,100,0,11.7416,20,15527.7,0,0.873055,-0.475768,-0.106861,0.0501487,-0.130381,0.990195,-0.485036,-0.869854,-0.0899706,0,0,0
Riedones3D_Registration_Benchmark/test/die_obverse_beard_0002b/L0001D.ply,gicp,0.0005,100,0,11.6095,20,56860.6,10051.7,0.873055,-0.475768,-0.106861,0.0501487,-0.130381,0.990195,-0.485036,-0.869854,-0.0899706,0,0,0
Riedones3D_Registration_Benchmark/test/die_obverse_beard_0002b/L0001D.ply,icp,0.0005,100,0.005,12.034,20,16331.4,0,-0.1471,-0.43515,-0.88826,0.0995458,0.886957,-0.450997,0.9841,-0.154764,-0.0871537,0.00431485,0.0021469,0.00133151
Riedones3D_Registration_Benchmark/test/die_obverse_beard_0002b/L0001D.ply,gicp,0.0005,100,0.005,11.9099,20,57857,10001.3,-0.1471,-0.43515,-0.88826,0.0995458,0.886957,-0.450997,0.9841,-0.154764,-0.0871537,0.00431485,0.0021469,0.00133151
Riedones3D_Registration_Benchmark/test/die_obverse_beard_0002b/L0001D.ply,icp,0.0005,100,0.01,12.4167,20,11235.9,0,-0.126998,-0.905753,-0.404329,0.990822,-0.134866,-0.00909441,-0.0462931,-0.401773,0.914568,-0.00862049,0.00401159,0.00309748
Riedones3D_Registration_Benchmark/test/die_obverse_beard_0002b/L0001D.ply,gicp,0.0005,100,0.01,12.3034,20,49503.4,10016.3,-0.126998,-0.905753,-0.404329,0.990822,-0.134866,-0.00909441,-0.0462931,-0.401773,0.914568,-0.00862049,0.00401159,0.00309748
Riedones3D_Registration_Benchmark/test/die_obverse_beard_0002b/L0001D.ply,icp,0.001,10,0,1.58817,20,9320.95,0,0.998035,-0.0624706,0.00477108,0.0608696,0.984856,0.162337,-0.0148401,-0.161727,0.986724,0,0,0
Riedones3D_Registration_Benchmark/test/die_obverse_beard_0002b/L0001D.ply,gicp,0.001,10,0,0.00173348,8,17800.5,10012.4,0.998035,-0.0624706,0.00477108,0.0608696,0.984856,0.162337,-0.0148401,-0.161727,0.986724,0,0,0
Riedones3D_Registration_Benchmark/test/die_obverse_beard_0002b/L0001D.ply,icp,0.001,10,0.005,1.12586,20,9789.68,0,0.984841,0.161387,-0.0635761,-0.160859,0.986887,0.0133735,0.0649008,-0.00294401,0.997887,-0.00177739,-0.00411163,-0.00222157
Riedones3D_Registration_Benchmark/test/die_obverse_beard_0002b/L0001D.ply,gicp,0.001,10,0.005,0.00173215,10,22167.5,9995.04,0.984841,0.161387,-0.0635761,-0.160859,0.986887,0.0133735,0.0649008,-0.00294401,0.997887,-0.00177739,-0.00411163,-0.00222157
Riedones3D_Registration_Benchmark/test/die_obverse_beard_0002b/L0001D.ply,icp,0.001,10,0.01,0.561277,20,9831.75,0,0.994827,0.0487571,-0.0891141,-0.0608668,0.988467,-0.138668,0.0813253,0.143374,0.986321,0.00772903,-0.000376187,0.00633408
Riedones3D_Registration_Benchmark/test/die_obverse_beard_0002b/L0001D.ply,gicp,0.001,10,0.01,0.00173395,6,13484.3,10002,0.994827,0.0487571,-0.0891141,-0.0608668,0.988467,-0.138668,0.0813253,0.143374,0.986321,0.00772903,-0.000376187,0.00633408
Riedones3D_Registration_Benchmark/test/die_obverse_beard_0002b/L0001D.ply,icp,0.001,50,0,4.0172,20,11960.6,0,0.7076,-0.533619,-0.463199,0.316088,0.825313,-0.467917,0.631973,0.184686,0.752662,0,0,0
Riedones3D_Registration_Benchmark/test/die_obverse_beard_0002b/L0001D.ply,gicp,0.001,50,0,0.541004,20,47531.4,10045.6,0.7076,-0.533619,-0.463199,0.316088,0.825313,-0.467917,0.631973,0.184686,0.752662,0,0,0
Riedones3D_Registration_Benchmark/test/die_obverse_beard_0002b/L0001D.ply,icp,0.001,50,0.005,2.55463,20,13549.2,0,0.750233,0.456465,0.47832,-0.170786,0.83268,-0.52676,-0.638735,0.313503,0.702662,0.0040151,-4.69556e-05,-0.00297939
Riedones3D_Registration_Benchmark/test/die_obverse_beard_0002b/L0001D.ply,gicp,0.001,50,0.005,0.00173323,19,45483.8,10028.8,0.750233,0.456465,0.47832,-0.170786,0.83268,-0.52676,-0.638735,0.313503,0.702662,0.0040151,-4.69556e-05,-0.00297939
Riedones3D_Registration_Benchmark/test/die_obverse_beard_0002b/L0001D.ply,icp,0.001,50,0.01,5.52775,20,13261.4,0,0.645406,0.734521,0.209595,-0.748891,0.662507,-0.015682,-0.150377,-0.146843,0.977663,-0.00918979,3.9853e-05,0.00394285
Riedones3D_Registration_Benchmark/test/die_obverse_beard_0002b/L0001D.ply,gicp,0.001,50,0.01,4.0681,20,47831.2,10028.4,0.645406,0.734521,0.209595,-0.748891,0.662507,-0.015682,-0.150377,-0.146843,0.977663,-0.00918979,3.9853e-05,0.00394285
Riedones3D_Registration_Benchmark/test/die_obverse_beard_0002b/L0001D.ply,icp,0.001,100,0,11.7326,20,17126.3,0,-0.171263,-0.0953844,-0.980597,-0.0102298,0.995421,-0.0950397,0.985172,-0.0062455,-0.171454,0,0,0
Riedones3D_Registration_Benchmark/test/die_obverse_beard_0002b/L0001D.ply,gicp,0.001,100,0,11.9371,20,60423.6,9982.67,-0.171263,-0.0953844,-0.980597,-0.0102298,0.995421,-0.0950397,0.985172,-0.0062455,-0.171454,0,0,0
Riedones3D_Registration_Benchmark/test/die_obverse_beard_0002b/L0001D.ply,icp,0.001,100,0.005,4.32459,20,14460.9,0,0.0240652,0.790323,0.612218,-0.00186048,0.61243,-0.790523,-0.999709,0.0178851,0.0162086,0.00289836,-0.00265433,-0.00309096
Riedones3D_Registration_Benchmark/test/die_obverse_beard_0002b/L0001D.ply,gicp,0.001,100,0.005,5.95324,20,53460.1,9956.47,0.0240652,0.790323,0.612218,-0.00186048,0.61243,-0.790523,-0.999709,0.0178851,0.0162086,0.00289836,-0.00265433,-0.00309096
Riedones3D_Registration_Benchmark/test/die_obverse_beard_0002b/L0001D.ply,icp,0.001,100,0.01,11.6098,20,15566,0,0.632125,-0.20712,-0.746672,0.749224,-0.0824696,0.657162,-0.197689,-0.974833,0.103048,0.00592562,0.00760559,0.00265368
Riedones3D_Registration_Benchmark/test/die_obverse_beard_0002b/L0001D.ply,gicp,0.001,100,0.01,11.2174,20,55299.4,9994.33,0.632125,-0.20712,-0.746672,0.749224,-0.0824696,0.657162,-0.197689,-0.974833,0.103048,0.00592562,0.00760559,0.00265368
Riedones3D_Registration_Benchmark/test/die_obverse_beard_0002b/L0031D.ply,icp,0,10,0,0.256783,20,4006.58,0,0.989229,0.00668509,0.146223,0.00711655,0.995579,-0.0936611,-0.146203,0.0936929,0.984808,0,0,0
Riedones3D_Registration_Benchmark/test/die_obverse_beard_0002b/L0031D.ply,gicp,0,10,0,3.25751e-15,6,6027.4,4421.74,0.989229,0.00668509,0.146223,0.00711655,0.995579,-0.0936611,-0.146203,0.0936929,0.984808,0,0,0
Riedones3D_Registration_Benchmark/test/die_obverse_beard_0002b/L0031D.ply,icp,0,10,0.005,0.965978,20,3915.2,0,0.988566,-0.148497,0.0261981,0.14566,0.985343,0.0887815,-0.0389979,-0.0839504,0.995707,-0.00469164,-0.00131824,0.00111835
Riedones3D_Registration_Benchmark/test/die_obverse_beard_0002b/L0031D.ply,gicp,0,10,0.005,1.60142e-12,7,6852.95,4445.07,0.988566,-0.148497,0.0261981,0.14566,0.985343,0.0887815,-0.0389979,-0.0839504,0.995707,-0.00469164,-0.00131824,0.00111835
Riedones3D_Registration_Benchmark/test/die_obverse_beard_0002b/L0031D.ply,icp,0,10,0.01,1.13953,20,4056.9,0,0.986333,0.0765219,-0.145919,-0.0844872,0.99521,-0.049186,0.141456,0.0608421,0.988073,0.00939572,-0.00328386,0.000967808
Riedones3D_Registration_Benchmark/test/die_obverse_beard_0002b/L0031D.ply,gicp,0,10,0.01,3.14346e-11,5,5045.39,4422.04,0.986333,0.0765219,-0.145919,-0.0844872,0.99521,-0.049186,0.141456,0.0608421,0.988073,0.00939572,-0.00328386,0.000967808
Riedones3D_Registration_Benchmark/test/die_obverse_beard_0002b/L0031D.ply,icp,0,50,0,1.6968,20,4892.22,0,0.795135,0.53629,0.283114,-0.287466,0.744387,-0.602703,-0.53397,0.397845,0.746053,0,0,0
Riedones3D_Registration_Benchmark/test/die_obverse_beard_0002b/L0031D.ply,gicp,0,50,0,3.05118e-15,9,9739.8,4442.47,0.795135,0.53629,0.283114,-0.287466,0.744387,-0.602703,-0.53397,0.397845,0.746053,0,0,0
Riedones3D_Registration_Benchmark/test/die_obverse_beard_0002b/L0031D.ply,icp,0,50,0.005,1.40095,20,4983.23,0,0.777889,-0.547161,0.309038,0.300225,0.755624,0.582149,-0.552045,-0.360067,0.752063,-0.00248876,-0.00210354,0.00379226
Riedones3D_Registration_Benchmark/test/die_obverse_beard_0002b/L0031D.ply,gicp,0,50,0.005,1.84363e-13,10,10898.4,4449.84,0.777889,-0.547161,0.309038,0.300225,0.755624,0.582149,-0.552045,-0.360067,0.752063,-0.00248876,-0.00210354,0.00379226
Riedones3D_Registration_Benchmark/test/die_obverse_beard_0002b/L0031D.ply,icp,0,50,0.01,6.98553,20,4850.36,0,0.64347,-0.765431,-0.00789565,0.764473,0.643123,-0.0444173,0.0390762,0.0225452,0.998982,-0.00272109,-0.00179125,-0.00945447
Riedones3D_Registration_Benchmark/test/die_obverse_beard_0002b/L0031D.ply,gicp,0,50,0.01,2.91539e-15,17,17439.7,4428.75,0.64347,-0.765431,-0.00789565,0.764473,0.643123,-0.0444173,0.0390762,0.0225452,0.998982,-0.00272109,-0.00179125,-0.00945447
Riedones3D_Registration_Benchmark/test/die_obverse_beard_0002b/L0031D.ply,icp,0,100,0,0.956338,20,5238.87,0,-0.023519,0.609052,0.792782,0.150145,0.786158,-0.599509,-0.988384,0.104933,-0.109936,0,0,0
Riedones3D_Registration_Benchmark/test/die_obverse_beard_0002b/L0031D.ply,gicp,0,100,0,11.2376,20,26261.9,4417.99,-0.023519,0.609052,0.792782,0.150145,0.786158,-0.599509,-0.988384,0.104933,-0.109936,0,0,0
Riedones3D_Registration_Benchmark/test/die_obverse_beard_0002b/L0031D.ply,icp,0,100,0.005,9.13384,20,4760.33,0,0.0807324,0.988788,-0.125619,-0.416726,0.147971,0.896908,0.90544,-0.0200607,0.424,0.00409361,0.000311366,-0.00285401
Riedones3D_Registration_Benchmark/test/die_obverse_beard_0002b/L0031D.ply,gicp,0,100,0.005,18.6394,20,25326.7,4429.58,0.0807324,0.988788,-0.125619,-0.416726,0.147971,0.896908,0.90544,-0.0200607,0.424,0.00409361,0.000311366,-0.00285401
Riedones3D_Registration_Benchmark/test/die_obverse_beard_0002b/L0031D.ply,icp,0,100,0.01,13.3669,20,4935.16,0,-0.0454414,-0.676502,-0.735038,0.996054,0.0254702,-0.0850197,0.0762375,-0.736,0.672675,-0.00849493,-0.00510924,-0.00131601
Riedones3D_Registration_Benchmark/test/die_obverse_beard_0002b/L0031D.ply,gicp,0,100,0.01,16.1975,20,23659.8,4427.64,-0.0454414,-0.676502,-0.735038,0.996054,0.0254702,-0.0850197,0.0762375,-0.736,0.672675,-0.00849493,-0.00510924,-0.00131601
Riedones3D_Registration_Benchmark/test/die_obverse_beard_0002b/L0031D.ply,icp,0.0005,10,0,0.667195,20,3880.46,0,0.99612,-0.0868735,0.0140992,0.0837722,0.98502,0.150722,-0.0269817,-0.148956,0.988476,0,0,0
Riedones3D_Registration_Benchmark/test/die_obverse_beard_0002b/L0031D.ply,gicp,0.0005,10,0,0.000865593,6,5799.38,4430.26,0.99612,-0.0868735,0.0140992,0.0837722,0.98502,0.150722,-0.0269817,-0.148956,0.988476,0,0,0
Riedones3D_Registration_Benchmark/test/die_obverse_beard_0002b/L0031D.ply,icp,0.0005,10,0.005,0.592447,20,3763.64,0,0.98851,-0.114535,0.0986419,0.122613,0.989214,-0.0801316,-0.0884001,0.0913057,0.991891,0.000524957,-0.00492081,0.000714162
Riedones3D_Registration_Benchmark/test/die_obverse_beard_0002b/L0031D.ply,gicp,0.0005,10,0.005,0.000869829,6,5943.32,4427.63,0.98851,-0.114535,0.0986419,0.122613,0.989214,-0.0801316,-0.0884001,0.0913057,0.991891,0.000524957,-0.00492081,0.000714162
Riedones3D_Registration_Benchmark/test/die_obverse_beard_0002b/L0031D.ply,icp,0.0005,10,0.01,0.97618,20,3968.35,0,0.985213,-0.110573,-0.130876,0.106788,0.993644,-0.0356171,0.133983,0.0211144,0.990759,-0.00274925,0.00741646,-0.00611864
Riedones3D_Registration_Benchmark/test/die_obverse_beard_0002b/L0031D.ply,gicp,0.0005,10,0.01,0.000866507,7,6912.33,4432.87,0.985213,-0.110573,-0.130876,0.106788,0.993644,-0.0356171,0.133983,0.0211144,0.990759,-0.00274925,0.00741646,-0.00611864
Riedones3D_Registration_Benchmark/test/die_obverse_beard_0002b/L0031D.ply,icp,0.0005,50,0,1.85153,20,4305.8,0,0.956948,0.0118514,-0.290017,-0.220978,0.67759,-0.701456,0.188199,0.735344,0.651037,0,0,0
Riedones3D_Registration_Benchmark/test/die_obverse_beard_0002b/L0031D.ply,gicp,0.0005,50,0,0.000863697,10,10313,4438.17,0.956948,0.0118514,-0.290017,-0.220978,0.67759,-0.701456,0.188199,0.735344,0.651037,0,0,0
Riedones3D_Registration_Benchmark/test/die_obverse_beard_0002b/L0031D.ply,icp,0.0005,50,0.005,1.97767,20,4564.47,0,0.6636,0.120169,-0.738373,-0.2813,0.95466,-0.0974444,0.693185,0.272368,0.667316,0.00135353,0.00433031,0.00210152
Riedones3D_Registration_Benchmark/test/die_obverse_beard_0002b/L0031D.ply,gicp,0.0005,50,0.005,0.000871247,9,9488.88,4434.89,0.6636,0.120169,-0.738373,-0.2813,0.95466,-0.0974444,0.693185,0.272368,0.667316,0.00135353,0.00433031,0.00210152
Riedones3D_Registration_Benchmark/test/die_obverse_beard_0002b/L0031D.ply,icp,0.0005,50,0.01,4.72316,20,4505.2,0,0.646991,0.533662,-0.544617,-0.475982,0.840667,0.258303,0.595688,0.0921079,0.797917,-0.00167488,-0.00583888,-0.00794369
Riedones3D_Registration_Benchmark/test/die_obverse_beard_0002b/L0031D.ply,gicp,0.0005,50,0.01,0.000864498,11,11201.3,4429.28,0.646991,0.533662,-0.544617,-0.475982,0.840667,0.258303,0.595688,0.0921079,0.797917,-0.00167488,-0.00583888,-0.00794369
Riedones3D_Registration_Benchmark/test/die_obverse_beard_0002b/L0031D.ply,icp,0.0005,100,0,12.0731,20,5448.82,0,0.00067394,-0.990553,-0.137129,0.749457,-0.0902864,0.655868,-0.662053,-0.103214,0.742316,0,0,0
Riedones3D_Registration_Benchmark/test/die_obverse_beard_0002b/L0031D.ply,gicp,0.0005,100,0,12.0791,20,25989.8,4436.13,0.00067394,-0.990553,-0.137129,0.749457,-0.0902864,0.655868,-0.662053,-0.103214,0.742316,0,0,0
Riedones3D_Registration_Benchmark/test/die_obverse_beard_0002b/L0031D.ply,icp,0.0005,100,0.005,12.0378,20,6090.14,0,0.322909,0.474094,-0.819124,-0.911452,-0.0773439,-0.404071,-0.254922,0.877071,0.407139,-0.00459955,-0.000591525,-0.0018693
Riedones3D_Registration_Benchmark/test/die_obverse_beard_0002b/L0031D.ply,gicp,0.0005,100,0.005,11.8953,20,24337.6,4442.55,0.322909,0.474094,-0.819124,-0.911452,-0.0773439,-0.404071,-0.254922,0.877071,0.407139,-0.00459955,-0.000591525,-0.0018693
Riedones3D_Registration_Benchmark/test/die_obverse_beard_0002b/L0031D.ply,icp,0.0005,100,0.01,7.51013,20,5452.31,0,0.300078,-0.946989,-0.114744,0.146414,0.164585,-0.975436,0.942612,0.275906,0.188041,0.00729253,0.00283464,-0.00622766
Riedones3D_Registration_Benchmark/test/die_obverse_beard_0002b/L0031D.ply,gicp,0.0005,100,0.01,2.18506,20,24979,4439.14,0.300078,-0.946989,-0.114744,0.146414,0.164585,-0.975436,0.942612,0.275906,0.188041,0.00729253,0.00283464,-0.00622766
Riedones3D_Registration_Benchmark/test/die_obverse_beard_0002b/L0031D.ply,icp,0.001,10,0,0.531017,20,3933.26,0,0.998087,-0.00484668,0.0616399,0.0147988,0.986672,-0.162045,-0.060033,0.162647,0.984856,0,0,0
Riedones3D_Registration_Benchmark/test/die_obverse_beard_0002b/L0031D.ply,gicp,0.001,10,0,0.00173193,6,5907.15,4434.01,0.998087,-0.00484668,0.0616399,0.0147988,0.986672,-0.162045,-0.060033,0.162647,0.984856,0,0,0
Riedones3D_Registration_Benchmark/test/die_obverse_beard_0002b/L0031D.ply,icp,0.001,10,0.005,0.517102,20,3866.09,0,0.997751,-0.0215738,0.0634581,0.0314769,0.986702,-0.159463,-0.059174,0.161102,0.985162,0.00291277,0.00403434,-0.000489784
Riedones3D_Registration_Benchmark/test/die_obverse_beard_0002b/L0031D.ply,gicp,0.001,10,0.005,0.00173499,6,5917.58,4426.57,0.997751,-0.0215738,0.0634581,0.0314769,0.986702,-0.159463,-0.059174,0.161102,0.985162,0.00291277,0.00403434,-0.000489784
Riedones3D_Registration_Benchmark/test/die_obverse_beard_0002b/L0031D.ply,icp,0.001,10,0.01,0.766251,20,3803.11,0,0.995652,-0.0308679,-0.0878904,0.0176101,0.98886,-0.147803,0.0914736,0.145613,0.985104,-0.00811323,-0.00574042,0.00110594
Riedones3D_Registration_Benchmark/test/die_obverse_beard_0002b/L0031D.ply,gicp,0.001,10,0.01,0.00173488,6,5876.66,4441.58,0.995652,-0.0308679,-0.0878904,0.0176101,0.98886,-0.147803,0.0914736,0.145613,0.985104,-0.00811323,-0.00574042,0.00110594
Riedones3D_Registration_Benchmark/test/die_obverse_beard_0002b/L0031D.ply,icp,0.001,50,0,1.35332,20,4824.43,0,0.925984,-0.35599,0.125799,0.162198,0.675941,0.718885,-0.340948,-0.645272,0.683651,0,0,0
Riedones3D_Registration_Benchmark/test/die_obverse_beard_0002b/L0031D.ply,gicp,0.001,50,0,0.001729,14,15202.9,4448.81,0.925984,-0.35599,0.125799,0.162198,0.675941,0.718885,-0.340948,-0.645272,0.683651,0,0,0
Riedones3D_Registration_Benchmark/test/die_obverse_beard_0002b/L0031D.ply,icp,0.001,50,0.005,6.25094,20,4583.5,0,0.665384,0.732597,-0.143406,-0.679536,0.673938,0.289895,0.309023,-0.0954421,0.946253,-0.00322822,0.000800554,0.00373332
Riedones3D_Registration_Benchmark/test/die_obverse_beard_0002b/L0031D.ply,gicp,0.001,50,0.005,0.00173053,15,15169.7,4443.13,0.665384,0.732597,-0.143406,-0.679536,0.673938,0.289895,0.309023,-0.0954421,0.946253,-0.00322822,0.000800554,0.00373332
Riedones3D_Registration_Benchmark/test/die_obverse_beard_0002b/L0031D.ply,icp,0.001,50,0.01,2.00793,20,4462.13,0,0.778713,-0.205776,-0.592674,-0.14058,0.863428,-0.484489,0.611428,0.460596,0.643434,-0.0087102,0.00199207,-0.00449044
Riedones3D_Registration_Benchmark/test/die_obverse_beard_0002b/L0031D.ply,gicp,0.001,50,0.01,0.00172819,8,8500.7,4450.38,0.778713,-0.205776,-0.592674,-0.14058,0.863428,-0.484489,0.611428,0.460596,0.643434,-0.0087102,0.00199207,-0.00449044
Riedones3D_Registration_Benchmark/test/die_obverse_beard_0002b/L0031D.ply,icp,0.001,100,0,11.5051,20,5111.85,0,0.269571,0.918739,-0.288532,-0.552337,-0.0979239,-0.827849,-0.788831,0.382531,0.481056,0,0,0
Riedones3D_Registration_Benchmark/test/die_obverse_beard_0002b/L0031D.ply,gicp,0.001,100,0,11.9658,20,23751.2,4451.87,0.269571,0.918739,-0.288532,-0.552337,-0.0979239,-0.827849,-0.788831,0.382531,0.481056,0,0,0
Riedones3D_Registration_Benchmark/test/die_obverse_beard_0002b/L0031D.ply,icp,0.001,100,0.005,9.82618,20,5200.54,0,0.667333,0.546819,-0.505625,-0.500808,-0.173019,-0.84809,-0.551234,0.819179,0.15839,0.0021043,0.00452977,-0.00023043
Riedones3D_Registration_Benchmark/test/die_obverse_beard_0002b/L0031D.ply,gicp,0.001,100,0.005,11.9947,20,23523.5,4451.24,0.667333,0.546819,-0.505625,-0.500808,-0.173019,-0.84809,-0.551234,0.819179,0.15839,0.0021043,0.00452977,-0.00023043
Riedones3D_Registration_Benchmark/test/die_obverse_beard_0002b/L0031D.ply,icp,0.001,100,0.01,11.2835,20,6391.19,0,0.455774,0.593098,-0.663705,0.577373,0.370503,0.727577,0.677429,-0.714816,-0.173573,0.00795854,0.0016975,-0.00581207
Riedones3D_Registration_Benchmark/test/die_obverse_beard_0002b/L0031D.ply,gicp,0.001,100,0.01,12.2794,20,25713.6,4456.01,0.455774,0.593098,-0.663705,0.577373,0.370503,0.727577,0.677429,-0.714816,-0.173573,0.00795854,0.0016975,-0.00581207
Riedones3D_Registration_Benchmark/test/die_obverse_beard_0002b/L0015D.ply,icp,0,10,0,0.341052,20,3867.73,0,0.996665,0.0203595,0.0790204,-0.0079749,0.988042,-0.153981,-0.0812104,0.152838,0.984909,0,0,0
Riedones3D_Registration_Benchmark/test/die_obverse_beard_0002b/L0015D.ply,gicp,0,10,0,2.73673e-15,6,5929.62,4427.08,0.996665,0.0203595,0.0790204,-0.0079749,0.988042,-0.153981,-0.0812104,0.152838,0.984909,0,0,0
Riedones3D_Registration_Benchmark/test/die_obverse_beard_0002b/L0015D.ply,icp,0,10,0.005,0.792423,20,3829.38,0,0.985059,0.139216,0.101377,-0.141463,0.989826,0.0152812,-0.098218,-0.0293939,0.994731,0.00306787,0.00375537,0.00121877
Riedones3D_Registration_Benchmark/test/die_obverse_beard_0002b/L0015D.ply,gicp,0,10,0.005,2.78814e-15,7,6902.82,4425.03,0.985059,0.139216,0.101377,-0.141463,0.989826,0.0152812,-0.098218,-0.0293939,0.994731,0.00306787,0.00375537,0.00121877
Riedones3D_Registration_Benchmark/test/die_obverse_beard_0002b/L0015D.ply,icp,0,10,0.01,1.00311,20,3712.19,0,0.98801,-0.113008,0.105194,0.121081,0.989896,-0.073795,-0.0957914,0.0856471,0.99171,-0.000274371,0.000558463,-0.00998062
Riedones3D_Registration_Benchmark/test/die_obverse_beard_0002b/L0015D.ply,gicp,0,10,0.01,7.68398e-13,7,6918.3,4423.78,0.98801,-0.113008,0.105194,0.121081,0.989896,-0.073795,-0.0957914,0.0856471,0.99171,-0.000274371,0.000558463,-0.00998062
Riedones3D_Registration_Benchmark/test/die_obverse_beard_0002b/L0015D.ply,icp,0,50,0,3.60413,20,4342.11,0,0.853054,-0.345589,-0.390982,0.515174,0.676981,0.525635,0.0830335,-0.649819,0.75554,0,0,0
Riedones3D_Registration_Benchmark/test/die_obverse_beard_0002b/L0015D.ply,gicp,0,50,0,1.96246,20,20716.1,4432.12,0.853054,-0.345589,-0.390982,0.515174,0.676981,0.525635,0.0830335,-0.649819,0.75554,0,0,0
Riedones3D_Registration_Benchmark/test/die_obverse_beard_0002b/L0015D.ply,icp,0,50,0.005,6.81824,20,4947.24,0,0.701621,0.709408,0.0668398,-0.635929,0.66573,-0.390381,-0.321437,0.231394,0.918224,-0.00181199,0.00464183,-0.000412415
Riedones3D_Registration_Benchmark/test/die_obverse_beard_0002b/L0015D.ply,gicp,0,50,0.005,2.56999,20,20491.2,4439.82,0.701621,0.709408,0.0668398,-0.635929,0.66573,-0.390381,-0.321437,0.231394,0.918224,-0.00181199,0.00464183,-0.000412415
Riedones3D_Registration_Benchmark/test/die_obverse_beard_0002b/L0015D.ply,icp,0,50,0.01,1.04921,20,4990.91,0,0.854748,0.371336,0.36265,-0.0557089,0.760287,-0.647195,-0.516044,0.532986,0.67054,0.00391058,0.00889474,0.00236452
Riedones3D_Registration_Benchmark/test/die_obverse_beard_0002b/L0015D.ply,gicp,0,50,0.01,4.2315e-15,11,11733.4,4443.68,0.854748,0.371336,0.36265,-0.0557089,0.760287,-0.647195,-0.516044,0.532986,0.67054,0.00391058,0.00889474,0.00236452
Riedones3D_Registration_Benchmark/test/die_obverse_beard_0002b/L0015D.ply,icp,0,100,0,11.8303,20,4678.86,0,-0.169531,-0.951306,0.257442,0.90571,-0.0474099,0.421239,-0.388522,0.30458,0.869644,0,0,0
Riedones3D_Registration_Benchmark/test/die_obverse_beard_0002b/L0015D.ply,gicp,0,100,0,11.7621,20,21688.3,4441.83,-0.169531,-0.951306,0.257442,0.90571,-0.0474099,0.421239,-0.388522,0.30458,0.869644,0,0,0
Riedones3D_Registration_Benchmark/test/die_obverse_beard_0002b/L0015D.ply,icp,0,100,0.005,11.8862,20,6603.16,0,-0.172782,0.176592,-0.969,-0.113536,0.973668,0.197688,0.978395,0.144174,-0.148182,0.00468033,0.000996315,-0.00144977
Riedones3D_Registration_Benchmark/test/die_obverse_beard_0002b/L0015D.ply,gicp,0,100,0.005,13.1351,20,26288.4,4417.51,-0.172782,0.176592,-0.969,-0.113536,0.973668,0.197688,0.978395,0.144174,-0.148182,0.00468033,0.000996315,-0.00144977
Riedones3D_Registration_Benchmark/test/die_obverse_beard_0002b/L0015D.ply,icp,0,100,0.01,8.97863,20,5832.91,0,0.27923,0.956638,0.0829139,-0.358594,0.0237871,0.933191,0.890753,-0.290307,0.349686,-0.00976594,-0.00190467,-0.000999357
Riedones3D_Registration_Benchmark/test/die_obverse_beard_0002b/L0015D.ply,gicp,0,100,0.01,12.6981,20,23601.6,4432.2,0.27923,0.956638,0.0829139,-0.358594,0.0237871,0.933191,0.890753,-0.290307,0.349686,-0.00976594,-0.00190467,-0.000999357
Riedones3D_Registration_Benchmark/test/die_obverse_beard_0002b/L0015D.ply,icp,0.0005,10,0,1.06916,20,3614.48,0,0.987939,-0.14637,0.0505292,0.149916,0.985812,-0.0754971,-0.0387618,0.0821616,0.995865,0,0,0
Riedones3D_Registration_Benchmark/test/die_obverse_beard_0002b/L0015D.ply,gicp,0.0005,10,0,0.00086713,7,6836.19,4426.08,0.987939,-0.14637,0.0505292,0.149916,0.985812,-0.0754971,-0.0387618,0.0821616,0.995865,0,0,0
Riedones3D_Registration_Benchmark/test/die_obverse_beard_0002b/L0015D.ply,icp,0.0005,10,0.005,0.458878,20,3638.5,0,0.999607,0.0232711,0.0156444,-0.0256084,0.9849,0.17122,-0.0114237,-0.171553,0.985109,0.00202378,-0.000643427,0.00452662
Riedones3D_Registration_Benchmark/test/die_obverse_beard_0002b/L0015D.ply,gicp,0.0005,10,0.005,0.000865294,6,5778.01,4421.96,0.999607,0.0232711,0.0156444,-0.0256084,0.9849,0.17122,-0.0114237,-0.171553,0.985109,0.00202378,-0.000643427,0.00452662
Riedones3D_Registration_Benchmark/test/die_obverse_beard_0002b/L0015D.ply,icp,0.0005,10,0.01,0.550461,20,3676.49,0,0.988755,0.0894369,0.119855,-0.0997502,0.991545,0.0829983,-0.111418,-0.0940205,0.989316,0.00999299,0.000327604,-0.000181304
Riedones3D_Registration_Benchmark/test/die_obverse_beard_0002b/L0015D.ply,gicp,0.0005,10,0.01,0.000866774,6,5942.89,4423.24,0.988755,0.0894369,0.119855,-0.0997502,0.991545,0.0829983,-0.111418,-0.0940205,0.989316,0.00999299,0.000327604,-0.000181304
Riedones3D_Registration_Benchmark/test/die_obverse_beard_0002b/L0015D.ply,icp,0.0005,50,0,4.20101,20,4363.94,0,0.765601,-0.304972,-0.566434,0.550749,0.765752,0.332115,0.332463,-0.56623,0.754223,0,0,0
Riedones3D_Registration_Benchmark/test/die_obverse_beard_0002b/L0015D.ply,gicp,0.0005,50,0,6.71277,20,21313.5,4439.13,0.765601,-0.304972,-0.566434,0.550749,0.765752,0.332115,0.332463,-0.56623,0.754223,0,0,0
Riedones3D_Registration_Benchmark/test/die_obverse_beard_0002b/L0015D.ply,icp,0.0005,50,0.005,1.82001,20,4521.47,0,0.840182,0.027652,0.541599,-0.35692,0.780098,0.513862,-0.408291,-0.625045,0.665294,-0.000989032,-0.00489865,0.000158358
Riedones3D_Registration_Benchmark/test/die_obverse_beard_0002b/L0015D.ply,gicp,0.0005,50,0.005,0.000865193,11,11278.3,4435.38,0.840182,0.027652,0.541599,-0.35692,0.780098,0.513862,-0.408291,-0.625045,0.665294,-0.000989032,-0.00489865,0.000158358
Riedones3D_Registration_Benchmark/test/die_obverse_beard_0002b/L0015D.ply,icp,0.0005,50,0.01,6.02827,20,4627.91,0,0.805171,0.427112,-0.411431,-0.585705,0.681511,-0.43874,0.0930039,0.594238,0.798894,0.00597573,0.00652901,0.00465432
Riedones3D_Registration_Benchmark/test/die_obverse_beard_0002b/L0015D.ply,gicp,0.0005,50,0.01,2.84706,20,20247.8,4416.56,0.805171,0.427112,-0.411431,-0.585705,0.681511,-0.43874,0.0930039,0.594238,0.798894,0.00597573,0.00652901,0.00465432
Riedones3D_Registration_Benchmark/test/die_obverse_beard_0002b/L0015D.ply,icp,0.0005,100,0,3.05144,20,4957.58,0,-0.169384,0.00107926,0.98555,0.139803,0.989914,0.0229435,-0.975584,0.141669,-0.167826,0,0,0
Riedones3D_Registration_Benchmark/test/die_obverse_beard_0002b/L0015D.ply,gicp,0.0005,100,0,2.57994,20,21064.2,4423.32,-0.169384,0.00107926,0.98555,0.139803,0.989914,0.0229435,-0.975584,0.141669,-0.167826,0,0,0
Riedones3D_Registration_Benchmark/test/die_obverse_beard_0002b/L0015D.ply,icp,0.0005,100,0.005,12.0471,20,4246.05,0,0.3222,-0.686748,-0.651586,0.802564,-0.166885,0.572748,-0.502074,-0.707479,0.497389,-0.00270589,0.0018281,-0.00378632
Riedones3D_Registration_Benchmark/test/die_obverse_beard_0002b/L0015D.ply,gicp,0.0005,100,0.005,12.2427,20,24188.9,4432.93,0.3222,-0.686748,-0.651586,0.802564,-0.166885,0.572748,-0.502074,-0.707479,0.497389,-0.00270589,0.0018281,-0.00378632
Riedones3D_Registration_Benchmark/test/die_obverse_beard_0002b/L0015D.ply,icp,0.0005,100,0.01,7.4615,20,4792.69,0,-0.12618,-0.902813,0.411104,0.618372,0.252466,0.744229,-0.77569,0.348122,0.526418,-0.00185057,0.0035916,0.00914745
Riedones3D_Registration_Benchmark/test/die_obverse_beard_0002b/L0015D.ply,gicp,0.0005,100,0.01,8.02059,20,21246.4,4426.78,-0.12618,-0.902813,0.411104,0.618372,0.252466,0.744229,-0.77569,0.348122,0.526418,-0.00185057,0.0035916,0.00914745
Riedones3D_Registration_Benchmark/test/die_obverse_beard_0002b/L0015D.ply,icp,0.001,10,0,0.76957,20,3861.4,0,0.985404,0.0236469,-0.168582,-0.0294742,0.999048,-0.0321476,0.167662,0.0366472,0.985163,0,0,0
Riedones3D_Registration_Benchmark/test/die_obverse_beard_0002b/L0015D.ply,gicp,0.001,10,0,0.00173467,6,5953.9,4416.06,0.985404,0.0236469,-0.168582,-0.0294742,0.999048,-0.0321476,0.167662,0.0366472,0.985163,0,0,0
Riedones3D_Registration_Benchmark/test/die_obverse_beard_0002b/L0015D.ply,icp,0.001,10,0.005,0.304101,20,3983.61,0,0.990117,0.0554319,0.128824,-0.0418461,0.993499,-0.105873,-0.133855,0.0994358,0.986,0.00438145,-0.00136618,0.00198405
Riedones3D_Registration_Benchmark/test/die_obverse_beard_0002b/L0015D.ply,gicp,0.001,10,0.005,0.00173238,6,6021.59,4424.24,0.990117,0.0554319,0.128824,-0.0418461,0.993499,-0.105873,-0.133855,0.0994358,0.986,0.00438145,-0.00136618,0.00198405
Riedones3D_Registration_Benchmark/test/die_obverse_beard_0002b/L0015D.ply,icp,0.001,10,0.01,0.416607,20,3888.23,0,0.987476,-0.00758681,0.157589,-0.00397342,0.99733,0.0729127,-0.157721,-0.0726257,0.984809,0.00825797,0.00510051,-0.0024064
Riedones3D_Registration_Benchmark/test/die_obverse_beard_0002b/L0015D.ply,gicp,0.001,10,0.01,0.00173112,6,6010.56,4426.97,0.987476,-0.00758681,0.157589,-0.00397342,0.99733,0.0729127,-0.157721,-0.0726257,0.984809,0.00825797,0.00510051,-0.0024064
Riedones3D_Registration_Benchmark/test/die_obverse_beard_0002b/L0015D.ply,icp,0.001,50,0,6.61063,20,4796.66,0,0.643844,0.712827,0.278107,-0.726004,0.683895,-0.0721519,-0.241628,-0.155452,0.957836,0,0,0
Riedones3D_Registration_Benchmark/test/die_obverse_beard_0002b/L0015D.ply,gicp,0.001,50,0,2.02491,20,20467.7,4428.33,0.643844,0.712827,0.278107,-0.726004,0.683895,-0.0721519,-0.241628,-0.155452,0.957836,0,0,0
Riedones3D_Registration_Benchmark/test/die_obverse_beard_0002b/L0015D.ply,icp,0.001,50,0.005,5.58466,20,4452.14,0,0.643555,-0.748337,0.16071,0.754584,0.655492,0.0305671,-0.128219,0.101597,0.986528,0.00152685,0.00475722,-0.000193906
Riedones3D_Registration_Benchmark/test/die_obverse_beard_0002b/L0015D.ply,gicp,0.001,50,0.005,3.35016,20,20120.1,4426.35,0.643555,-0.748337,0.16071,0.754584,0.655492,0.0305671,-0.128219,0.101597,0.986528,0.00152685,0.00475722,-0.000193906
Riedones3D_Registration_Benchmark/test/die_obverse_beard_0002b/L0015D.ply,icp,0.001,50,0.01,2.70668,20,4564.81,0,0.698747,-0.171518,-0.694503,0.408133,0.892908,0.19011,0.58752,-0.416288,0.69392,0.00888155,0.00218079,0.00404503
Riedones3D_Registration_Benchmark/test/die_obverse_beard_0002b/L0015D.ply,gicp,0.001,50,0.01,2.19411,20,20903.5,4427.75,0.698747,-0.171518,-0.694503,0.408133,0.892908,0.19011,0.58752,-0.416288,0.69392,0.00888155,0.00218079,0.00404503
Riedones3D_Registration_Benchmark/test/die_obverse_beard_0002b/L0015D.ply,icp,0.001,100,0,0.847115,20,4666.7,0,0.169041,-0.584094,0.793889,-0.481103,0.654102,0.583688,-0.860212,-0.480609,-0.170439,0,0,0
Riedones3D_Registration_Benchmark/test/die_obverse_beard_0002b/L0015D.ply,gicp,0.001,100,0,0.00173251,19,20223.2,4416.56,0.169041,-0.584094,0.793889,-0.481103,0.654102,0.583688,-0.860212,-0.480609,-0.170439,0,0,0
Riedones3D_Registration_Benchmark/test/die_obverse_beard_0002b/L0015D.ply,icp,0.001,100,0.005,1.67743,20,5146.07,0,0.27275,-0.848754,-0.453017,-0.178981,0.417886,-0.890695,0.94529,0.324018,-0.0379323,-0.00415726,-0.00264036,0.00086356
Riedones3D_Registration_Benchmark/test/die_obverse_beard_0002b/L0015D.ply,gicp,0.001,100,0.005,11.3919,20,26848.4,4426.53,0.27275,-0.848754,-0.453017,-0.178981,0.417886,-0.890695,0.94529,0.324018,-0.0379323,-0.00415726,-0.00264036,0.00086356
Riedones3D_Registration_Benchmark/test/die_obverse_beard_0002b/L0015D.ply,icp,0.001,100,0.01,12.5761,20,7151.07,0,0.36896,0.916761,-0.153032,-0.339725,-0.0202364,-0.940307,-0.865133,0.398924,0.30398,0.00765214,0.0052308,-0.00375281
Riedones3D_Registration_Benchmark/test/die_obverse_beard_0002b/L0015D.ply,gicp,0.001,100,0.01,11.3608,20,23759.2,4436.47,0.36896,0.916761,-0.153032,-0.339725,-0.0202364,-0.940307,-0.865133,0.398924,0.30398,0.00765214,0.0052308,-0.00375281
Riedones3D_Registration_Benchmark/test/die_obverse_beard_0002b/L0020D.ply,icp,0,10,0,1.1126,20,3083.01,0,0.991259,0.126759,-0.0365795,-0.12178,0.985768,0.115889,0.050749,-0.110422,0.992588,0,0,0
Riedones3D_Registration_Benchmark/test/die_obverse_beard_0002b/L0020D.ply,gicp,0,10,0,3.64209e-15,7,6067.92,3971.97,0.991259,0.126759,-0.0365795,-0.12178,0.985768,0.115889,0.050749,-0.110422,0.992588,0,0,0
Riedones3D_Registration_Benchmark/test/die_obverse_beard_0002b/L0020D.ply,icp,0,10,0.005,0.720242,20,3302.79,0,0.999332,-0.0269557,0.0246811,0.0223721,0.985169,0.17012,-0.0289008,-0.169454,0.985114,-0.00462125,-0.00174498,0.000774029
Riedones3D_Registration_Benchmark/test/die_obverse_beard_0002b/L0020D.ply,gicp,0,10,0.005,4.22542e-12,7,6069.95,3971.91,0.999332,-0.0269557,0.0246811,0.0223721,0.985169,0.17012,-0.0289008,-0.169454,0.985114,-0.00462125,-0.00174498,0.000774029
Riedones3D_Registration_Benchmark/test/die_obverse_beard_0002b/L0020D.ply,icp,0,10,0.01,0.331818,20,3293.83,0,0.984933,-0.0454888,-0.166845,0.0428295,0.998892,-0.0195044,0.167547,0.0120646,0.98579,-0.00915432,0.000541035,0.00398819
Riedones3D_Registration_Benchmark/test/die_obverse_beard_0002b/L0020D.ply,gicp,0,10,0.01,3.32333e-15,6,5279.71,3967.61,0.984933,-0.0454888,-0.166845,0.0428295,0.998892,-0.0195044,0.167547,0.0120646,0.98579,-0.00915432,0.000541035,0.00398819
Riedones3D_Registration_Benchmark/test/die_obverse_beard_0002b/L0020D.ply,icp,0,50,0,4.66275,20,4086.58,0,0.649161,-0.411765,0.639562,0.487947,0.870439,0.0651393,-0.583522,0.269786,0.765975,0,0,0
Riedones3D_Registration_Benchmark/test/die_obverse_beard_0002b/L0020D.ply,gicp,0,50,0,3.17,20,18313.4,3987.38,0.649161,-0.411765,0.639562,0.487947,0.870439,0.0651393,-0.583522,0.269786,0.765975,0,0,0
Riedones3D_Registration_Benchmark/test/die_obverse_beard_0002b/L0020D.ply,icp,0,50,0.005,8.35082,20,3963.43,0,0.659807,-0.703411,0.264327,0.742242,0.664938,-0.0832758,-0.117184,0.251141,0.960831,-0.00401569,-0.00284566,-0.000881164
Riedones3D_Registration_Benchmark/test/die_obverse_beard_0002b/L0020D.ply,gicp,0,50,0.005,8.9139,20,18213,3975.3,0.659807,-0.703411,0.264327,0.742242,0.664938,-0.0832758,-0.117184,0.251141,0.960831,-0.00401569,-0.00284566,-0.000881164
Riedones3D_Registration_Benchmark/test/die_obverse_beard_0002b/L0020D.ply,icp,0,50,0.01,1.81129,20,3992.53,0,0.884501,0.250569,0.393538,0.0768944,0.753696,-0.652709,-0.460157,0.607583,0.647378,-0.000875869,0.00962288,-0.00257545
Riedones3D_Registration_Benchmark/test/die_obverse_beard_0002b/L0020D.ply,gicp,0,50,0.01,2.5537e-12,11,10082.6,3989.25,0.884501,0.250569,0.393538,0.0768944,0.753696,-0.652709,-0.460157,0.607583,0.647378,-0.000875869,0.00962288,-0.00257545
Riedones3D_Registration_Benchmark/test/die_obverse_beard_0002b/L0020D.ply,icp,0,100,0,14.9694,20,3572.8,0,-0.171967,0.981666,0.0822124,-0.970278,-0.154364,-0.186364,-0.170257,-0.111817,0.979035,0,0,0
Riedones3D_Registration_Benchmark/test/die_obverse_beard_0002b/L0020D.ply,gicp,0,100,0,15.2965,20,18084.7,3974.8,-0.171967,0.981666,0.0822124,-0.970278,-0.154364,-0.186364,-0.170257,-0.111817,0.979035,0,0,0
Riedones3D_Registration_Benchmark/test/die_obverse_beard_0002b/L0020D.ply,icp,0,100,0.005,14.2419,20,4081.1,0,-0.150308,-0.951696,0.267737,0.811889,0.0357069,0.582718,-0.56413,0.30496,0.767305,-0.00176715,-0.00465215,0.000484448
Riedones3D_Registration_Benchmark/test/die_obverse_beard_0002b/L0020D.ply,gicp,0,100,0.005,14.0047,20,19174.4,3985.51,-0.150308,-0.951696,0.267737,0.811889,0.0357069,0.582718,-0.56413,0.30496,0.767305,-0.00176715,-0.00465215,0.000484448
Riedones3D_Registration_Benchmark/test/die_obverse_beard_0002b/L0020D.ply,icp,0,100,0.01,2.59615,20,4160.47,0,0.994994,0.0550017,0.0834342,0.0916339,-0.169048,-0.981339,-0.0398708,0.984072,-0.173242,0.0098756,0.000971575,-0.00123639
Riedones3D_Registration_Benchmark/test/die_obverse_beard_0002b/L0020D.ply,gicp,0,100,0.01,4.6881e-15,18,18299,3974.61,0.994994,0.0550017,0.0834342,0.0916339,-0.169048,-0.981339,-0.0398708,0.984072,-0.173242,0.0098756,0.000971575,-0.00123639
Riedones3D_Registration_Benchmark/test/die_obverse_beard_0002b/L0020D.ply,icp,0.0005,10,0,1.79971,20,3398.19,0,0.985612,0.165477,0.0344367,-0.163956,0.985526,-0.0430941,-0.0410694,0.036828,0.998477,0,0,0
Riedones3D_Registration_Benchmark/test/die_obverse_beard_0002b/L0020D.ply,gicp,0.0005,10,0,0.000867539,9,7829.42,3966.84,0.985612,0.165477,0.0344367,-0.163956,0.985526,-0.0430941,-0.0410694,0.036828,0.998477,0,0,0
Riedones3D_Registration_Benchmark/test/die_obverse_beard_0002b/L0020D.ply,icp,0.0005,10,0.005,1.29881,20,3102.59,0,0.989482,-0.143933,-0.0144183,0.14186,0.985037,-0.097861,0.028288,0.0947863,0.995096,0.00429209,-0.00247685,-0.000665709
Riedones3D_Registration_Benchmark/test/die_obverse_beard_0002b/L0020D.ply,gicp,0.0005,10,0.005,0.000865466,7,6071.84,3967.72,0.989482,-0.143933,-0.0144183,0.14186,0.985037,-0.097861,0.028288,0.0947863,0.995096,0.00429209,-0.00247685,-0.000665709
Riedones3D_Registration_Benchmark/test/die_obverse_beard_0002b/L0020D.ply,icp,0.0005,10,0.01,1.50851,20,3436.22,0,0.987365,0.125585,0.0966381,-0.118333,0.989949,-0.0774495,-0.105393,0.0650354,0.992302,-0.00965357,0.00255754,-0.000517353
Riedones3D_Registration_Benchmark/test/die_obverse_beard_0002b/L0020D.ply,gicp,0.0005,10,0.01,0.000867227,9,7899.45,3989,0.987365,0.125585,0.0966381,-0.118333,0.989949,-0.0774495,-0.105393,0.0650354,0.992302,-0.00965357,0.00255754,-0.000517353
Riedones3D_Registration_Benchmark/test/die_obverse_beard_0002b/L0020D.ply,icp,0.0005,50,0,2.35328,20,4238.86,0,0.745126,0.0567433,0.664506,-0.362345,0.870934,0.331935,-0.559905,-0.488114,0.669516,0,0,0
Riedones3D_Registration_Benchmark/test/die_obverse_beard_0002b/L0020D.ply,gicp,0.0005,50,0,0.000864328,11,10226.4,3988.69,0.745126,0.0567433,0.664506,-0.362345,0.870934,0.331935,-0.559905,-0.488114,0.669516,0,0,0
Riedones3D_Registration_Benchmark/test/die_obverse_beard_0002b/L0020D.ply,icp,0.0005,50,0.005,3.33959,20,4209.53,0,0.712734,0.176523,0.678859,-0.430821,0.873919,0.225074,-0.553538,-0.452885,0.698922,-0.00270127,-0.00116465,-0.00404311
Riedones3D_Registration_Benchmark/test/die_obverse_beard_0002b/L0020D.ply,gicp,0.0005,50,0.005,0.00086651,16,14668,3986.8,0.712734,0.176523,0.678859,-0.430821,0.873919,0.225074,-0.553538,-0.452885,0.698922,-0.00270127,-0.00116465,-0.00404311
Riedones3D_Registration_Benchmark/test/die_obverse_beard_0002b/L0020D.ply,icp,0.0005,50,0.01,1.15589,20,3835.97,0,0.712528,0.206485,-0.670573,0.075408,0.927645,0.36577,0.69758,-0.311188,0.645402,1.62445e-05,-0.000707082,-0.00997496
Riedones3D_Registration_Benchmark/test/die_obverse_beard_0002b/L0020D.ply,gicp,0.0005,50,0.01,0.000867991,11,10269.4,3981.85,0.712528,0.206485,-0.670573,0.075408,0.927645,0.36577,0.69758,-0.311188,0.645402,1.62445e-05,-0.000707082,-0.00997496
Riedones3D_Registration_Benchmark/test/die_obverse_beard_0002b/L0020D.ply,icp,0.0005,100,0,13.9691,20,6017.49,0,0.24371,-0.72525,-0.643908,-0.369598,0.544374,-0.75303,0.896662,0.421509,-0.135381,0,0,0
Riedones3D_Registration_Benchmark/test/die_obverse_beard_0002b/L0020D.ply,gicp,0.0005,100,0,14.1115,20,25442.2,3977.46,0.24371,-0.72525,-0.643908,-0.369598,0.544374,-0.75303,0.896662,0.421509,-0.135381,0,0,0
Riedones3D_Registration_Benchmark/test/die_obverse_beard_0002b/L0020D.ply,icp,0.0005,100,0.005,3.14303,20,4078.5,0,0.66949,0.741488,-0.0444873,-0.0370296,-0.026501,-0.998963,-0.741898,0.670443,0.0097148,0.00451402,6.55927e-05,0.00214926
Riedones3D_Registration_Benchmark/test/die_obverse_beard_0002b/L0020D.ply,gicp,0.0005,100,0.005,4.21129,20,18566.8,3985.02,0.66949,0.741488,-0.0444873,-0.0370296,-0.026501,-0.998963,-0.741898,0.670443,0.0097148,0.00451402,6.55927e-05,0.00214926
Riedones3D_Registration_Benchmark/test/die_obverse_beard_0002b/L0020D.ply,icp,0.0005,100,0.01,5.70672,20,4195.79,0,0.742249,-0.130651,0.657264,0.649681,-0.100116,-0.753586,0.164259,0.986361,0.0105704,-0.00234085,0.00957578,-0.00168076
Riedones3D_Registration_Benchmark/test/die_obverse_beard_0002b/L0020D.ply,gicp,0.0005,100,0.01,12.5863,20,21769.6,3971.1,0.742249,-0.130651,0.657264,0.649681,-0.100116,-0.753586,0.164259,0.986361,0.0105704,-0.00234085,0.00957578,-0.00168076
Riedones3D_Registration_Benchmark/test/die_obverse_beard_0002b/L0020D.ply,icp,0.001,10,0,0.580783,20,3300.17,0,0.998624,-0.0194648,-0.0486867,0.0272638,0.985908,0.16505,0.044788,-0.16615,0.985083,0,0,0
Riedones3D_Registration_Benchmark/test/die_obverse_beard_0002b/L0020D.ply,gicp,0.001,10,0,0.00172725,7,6080.95,3980.21,0.998624,-0.0194648,-0.0486867,0.0272638,0.985908,0.16505,0.044788,-0.16615,0.985083,0,0,0
Riedones3D_Registration_Benchmark/test/die_obverse_beard_0002b/L0020D.ply,icp,0.001,10,0.005,1.06215,20,3435.17,0,0.993877,0.0642529,-0.0898844,-0.0757652,0.988461,-0.131166,0.0804194,0.137173,0.987277,-0.000359436,0.00290137,-0.00405621
Riedones3D_Registration_Benchmark/test/die_obverse_beard_0002b/L0020D.ply,gicp,0.001,10,0.005,0.00172429,7,6105.34,3971.92,0.993877,0.0642529,-0.0898844,-0.0757652,0.988461,-0.131166,0.0804194,0.137173,0.987277,-0.000359436,0.00290137,-0.00405621
Riedones3D_Registration_Benchmark/test/die_obverse_beard_0002b/L0020D.ply,icp,0.001,10,0.01,1.17039,20,3401.04,0,0.997265,0.0698014,0.0243119,-0.0651027,0.985251,-0.158248,-0.0349993,0.156232,0.9871,0.00598094,0.00793667,0.0011125
Riedones3D_Registration_Benchmark/test/die_obverse_beard_0002b/L0020D.ply,gicp,0.001,10,0.01,0.00173002,7,6107.94,3973.73,0.997265,0.0698014,0.0243119,-0.0651027,0.985251,-0.158248,-0.0349993,0.156232,0.9871,0.00598094,0.00793667,0.0011125
Riedones3D_Registration_Benchmark/test/die_obverse_beard_0002b/L0020D.ply,icp,0.001,50,0,5.34881,20,4153.48,0,0.662395,0.407673,-0.628518,-0.262345,0.912075,0.31511,0.701718,-0.0438384,0.711105,0,0,0
Riedones3D_Registration_Benchmark/test/die_obverse_beard_0002b/L0020D.ply,gicp,0.001,50,0,0.925543,20,18395.6,3986.89,0.662395,0.407673,-0.628518,-0.262345,0.912075,0.31511,0.701718,-0.0438384,0.711105,0,0,0
Riedones3D_Registration_Benchmark/test/die_obverse_beard_0002b/L0020D.ply,icp,0.001,50,0.005,1.09292,20,3915.94,0,0.676453,-0.25347,-0.691495,0.049287,0.952386,-0.300885,0.734835,0.169453,0.656737,0.00421254,0.000775814,0.00257927
Riedones3D_Registration_Benchmark/test/die_obverse_beard_0002b/L0020D.ply,gicp,0.001,50,0.005,0.00173557,9,8533.37,3987.7,0.676453,-0.25347,-0.691495,0.049287,0.952386,-0.300885,0.734835,0.169453,0.656737,0.00421254,0.000775814,0.00257927
Riedones3D_Registration_Benchmark/test/die_obverse_beard_0002b/L0020D.ply,icp,0.001,50,0.01,2.15812,20,3949.22,0,0.713892,-0.103963,0.692495,0.371524,0.894489,-0.248715,-0.593572,0.434834,0.677194,-0.0015538,-0.0086112,0.00484077
Riedones3D_Registration_Benchmark/test/die_obverse_beard_0002b/L0020D.ply,gicp,0.001,50,0.01,0.00173442,11,10249.9,3989.43,0.713892,-0.103963,0.692495,0.371524,0.894489,-0.248715,-0.593572,0.434834,0.677194,-0.0015538,-0.0086112,0.00484077
Riedones3D_Registration_Benchmark/test/die_obverse_beard_0002b/L0020D.ply,icp,0.001,100,0,13.9894,20,3908.62,0,0.473943,0.105698,-0.874189,-0.880555,0.058135,-0.470365,0.00110425,0.992697,0.120626,0,0,0
Riedones3D_Registration_Benchmark/test/die_obverse_beard_0002b/L0020D.ply,gicp,0.001,100,0,12.4977,20,20319.2,3971.37,0.473943,0.105698,-0.874189,-0.880555,0.058135,-0.470365,0.00110425,0.992697,0.120626,0,0,0
Riedones3D_Registration_Benchmark/test/die_obverse_beard_0002b/L0020D.ply,icp,0.001,100,0.005,10.6613,20,4454.73,0,0.511918,-0.858716,-0.0233819,0.0566811,0.0609245,-0.996532,0.857162,0.508817,0.0798613,0.00400439,0.00133796,-0.00267857
Riedones3D_Registration_Benchmark/test/die_obverse_beard_0002b/L0020D.ply,gicp,0.001,100,0.005,10.4017,20,19315.6,3985.67,0.511918,-0.858716,-0.0233819,0.0566811,0.0609245,-0.996532,0.857162,0.508817,0.0798613,0.00400439,0.00133796,-0.00267857
Riedones3D_Registration_Benchmark/test/die_obverse_beard_0002b/L0020D.ply,icp,0.001,100,0.01,12.4489,20,5944.05,0,0.791961,0.531323,-0.300821,0.341202,0.0234553,0.939697,0.506339,-0.846845,-0.162713,0.00184601,-0.0096312,0.00195763
Riedones3D_Registration_Benchmark/test/die_obverse_beard_0002b/L0020D.ply,gicp,0.001,100,0.01,22.2684,20,29235.3,3988.42,0.791961,0.531323,-0.300821,0.341202,0.0234553,0.939697,0.506339,-0.846845,-0.162713,0.00184601,-0.0096312,0.00195763
Riedones3D_Registration_Benchmark/test/die_reverse_0003/L0017R.ply,icp,0,10,0,0.564425,20,4428.24,0,0.994959,-0.0863501,-0.0509942,0.0927279,0.98581,0.139932,0.0381874,-0.143956,0.988847,0,0,0
Riedones3D_Registration_Benchmark/test/die_reverse_0003/L0017R.ply,gicp,0,10,0,2.82131e-15,7,7586.23,4893.18,0.994959,-0.0863501,-0.0509942,0.0927279,0.98581,0.139932,0.0381874,-0.143956,0.988847,0,0,0
Riedones3D_Registration_Benchmark/test/die_reverse_0003/L0017R.ply,icp,0,10,0.005,0.257751,20,4423.96,0,0.989245,-0.0473318,0.138401,0.0340626,0.994729,0.0967195,-0.142249,-0.090965,0.985642,0.00391411,0.0030934,0.000332662
Riedones3D_Registration_Benchmark/test/die_reverse_0003/L0017R.ply,gicp,0,10,0.005,3.26245e-15,6,6475.94,4888.56,0.989245,-0.0473318,0.138401,0.0340626,0.994729,0.0967195,-0.142249,-0.090965,0.985642,0.00391411,0.0030934,0.000332662
Riedones3D_Registration_Benchmark/test/die_reverse_0003/L0017R.ply,icp,0,10,0.01,0.656688,20,4503.97,0,0.991458,-0.129157,0.0181417,0.126201,0.985136,0.116533,-0.0329231,-0.113248,0.993021,0.00886634,-0.00162688,-0.00432911
Riedones3D_Registration_Benchmark/test/die_reverse_0003/L0017R.ply,gicp,0,10,0.01,2.82566e-15,7,7569.96,4892.75,0.991458,-0.129157,0.0181417,0.126201,0.985136,0.116533,-0.0329231,-0.113248,0.993021,0.00886634,-0.00162688,-0.00432911
Riedones3D_Registration_Benchmark/test/die_reverse_0003/L0017R.ply,icp,0,50,0,3.29917,20,5586.24,0,0.900654,-0.428773,-0.070542,0.36074,0.647275,0.671492,-0.242258,-0.630229,0.737646,0,0,0
Riedones3D_Registration_Benchmark/test/die_reverse_0003/L0017R.ply,gicp,0,50,0,3.4975e-15,13,14863.3,4889.76,0.900654,-0.428773,-0.070542,0.36074,0.647275,0.671492,-0.242258,-0.630229,0.737646,0,0,0
Riedones3D_Registration_Benchmark/test/die_reverse_0003/L0017R.ply,icp,0,50,0.005,3.16364,20,5807.61,0,0.795083,0.417475,-0.439952,-0.591817,0.692683,-0.412241,0.132647,0.588137,0.797809,-0.00122183,0.00424829,-0.00233649
Riedones3D_Registration_Benchmark/test/die_reverse_0003/L0017R.ply,gicp,0,50,0.005,6.47627e-15,14,16336.9,4905.49,0.795083,0.417475,-0.439952,-0.591817,0.692683,-0.412241,0.132647,0.588137,0.797809,-0.00122183,0.00424829,-0.00233649
Riedones3D_Registration_Benchmark/test/die_reverse_0003/L0017R.ply,icp,0,50,0.01,1.2791,20,5319.75,0,0.741766,-0.472398,0.476051,0.198287,0.832568,0.517216,-0.640676,-0.289258,0.711241,0.0056985,-0.006486,0.00504568
Riedones3D_Registration_Benchmark/test/die_reverse_0003/L0017R.ply,gicp,0,50,0.01,3.61971e-15,13,15199.8,4900.83,0.741766,-0.472398,0.476051,0.198287,0.832568,0.517216,-0.640676,-0.289258,0.711241,0.0056985,-0.006486,0.00504568
Riedones3D_Registration_Benchmark/test/die_reverse_0003/L0017R.ply,icp,0,100,0,12.4763,20,5251.39,0,0.640673,0.481979,0.597691,-0.601209,-0.169284,0.780955,0.477583,-0.859674,0.181315,0,0,0
Riedones3D_Registration_Benchmark/test/die_reverse_0003/L0017R.ply,gicp,0,100,0,20.064,20,29277.1,4902.56,0.640673,0.481979,0.597691,-0.601209,-0.169284,0.780955,0.477583,-0.859674,0.181315,0,0,0
Riedones3D_Registration_Benchmark/test/die_reverse_0003/L0017R.ply,icp,0,100,0.005,2.06663,20,5817.44,0,0.458464,-0.39253,-0.797328,-0.737947,0.331791,-0.587663,0.495222,0.857808,-0.137552,-0.00126297,-0.000688424,0.00478863
Riedones3D_Registration_Benchmark/test/die_reverse_0003/L0017R.ply,gicp,0,100,0.005,40.302,20,30037.3,4902.65,0.458464,-0.39253,-0.797328,-0.737947,0.331791,-0.587663,0.495222,0.857808,-0.137552,-0.00126297,-0.000688424,0.00478863
Riedones3D_Registration_Benchmark/test/die_reverse_0003/L0017R.ply,icp,0,100,0.01,12.552,20,5926.78,0,-0.0897279,-0.9643,0.249148,0.930653,-0.170276,-0.323869,0.35473,0.20281,0.912707,-0.00639122,-0.00646542,0.00416541
Riedones3D_Registration_Benchmark/test/die_reverse_0003/L0017R.ply,gicp,0,100,0.01,13.582,20,24530,4892.31,-0.0897279,-0.9643,0.249148,0.930653,-0.170276,-0.323869,0.35473,0.20281,0.912707,-0.00639122,-0.00646542,0.00416541
Riedones3D_Registration_Benchmark/test/die_reverse_0003/L0017R.ply,icp,0.0005,10,0,0.841453,20,4829.31,0,0.987591,0.0991421,-0.121801,-0.107973,0.991814,-0.0681686,0.114045,0.0804739,0.990211,0,0,0
Riedones3D_Registration_Benchmark/test/die_reverse_0003/L0017R.ply,gicp,0.0005,10,0,0.000866871,7,7665.39,4905.04,0.987591,0.0991421,-0.121801,-0.107973,0.991814,-0.0681686,0.114045,0.0804739,0.990211,0,0,0
Riedones3D_Registration_Benchmark/test/die_reverse_0003/L0017R.ply,icp,0.0005,10,0.005,1.05205,20,4381.26,0,0.986244,0.15465,0.0583671,-0.151288,0.986775,-0.0582031,-0.0665963,0.0485721,0.996597,0.00466383,0.000332049,0.00177156
Riedones3D_Registration_Benchmark/test/die_reverse_0003/L0017R.ply,gicp,0.0005,10,0.005,0.000862552,7,7535.48,4888.92,0.986244,0.15465,0.0583671,-0.151288,0.986775,-0.0582031,-0.0665963,0.0485721,0.996597,0.00466383,0.000332049,0.00177156
Riedones3D_Registration_Benchmark/test/die_reverse_0003/L0017R.ply,icp,0.0005,10,0.01,0.218118,20,4532.99,0,0.996645,-0.00944893,-0.0812979,0.0218192,0.98804,0.152649,0.0788831,-0.153911,0.984931,0.00385245,-0.00322633,0.00864578
Riedones3D_Registration_Benchmark/test/die_reverse_0003/L0017R.ply,gicp,0.0005,10,0.01,0.000867903,6,6538.04,4895.73,0.996645,-0.00944893,-0.0812979,0.0218192,0.98804,0.152649,0.0788831,-0.153911,0.984931,0.00385245,-0.00322633,0.00864578
Riedones3D_Registration_Benchmark/test/die_reverse_0003/L0017R.ply,icp,0.0005,50,0,2.24795,20,5780.88,0,0.948909,0.00143466,-0.315546,-0.23062,0.685684,-0.6904,0.215375,0.727898,0.650982,0,0,0
Riedones3D_Registration_Benchmark/test/die_reverse_0003/L0017R.ply,gicp,0.0005,50,0,0.000866853,18,20627,4907.11,0.948909,0.00143466,-0.315546,-0.23062,0.685684,-0.6904,0.215375,0.727898,0.650982,0,0,0
Riedones3D_Registration_Benchmark/test/die_reverse_0003/L0017R.ply,icp,0.0005,50,0.005,5.15564,20,4682.32,0,0.643934,-0.503174,-0.576338,0.532894,0.835498,-0.134039,0.548975,-0.220815,0.806144,0.000743876,-0.00374042,-0.00323356
Riedones3D_Registration_Benchmark/test/die_reverse_0003/L0017R.ply,gicp,0.0005,50,0.005,0.000863391,14,15577.6,4907.23,0.643934,-0.503174,-0.576338,0.532894,0.835498,-0.134039,0.548975,-0.220815,0.806144,0.000743876,-0.00374042,-0.00323356
Riedones3D_Registration_Benchmark/test/die_reverse_0003/L0017R.ply,icp,0.0005,50,0.01,1.71482,20,5633.17,0,0.743934,-0.295953,0.599144,0.541713,0.792071,-0.281373,-0.391291,0.533887,0.74957,-0.00845292,0.00531331,-0.000562955
Riedones3D_Registration_Benchmark/test/die_reverse_0003/L0017R.ply,gicp,0.0005,50,0.01,0.000865409,11,13769.3,4882.88,0.743934,-0.295953,0.599144,0.541713,0.792071,-0.281373,-0.391291,0.533887,0.74957,-0.00845292,0.00531331,-0.000562955
Riedones3D_Registration_Benchmark/test/die_reverse_0003/L0017R.ply,icp,0.0005,100,0,12.2385,20,6133.93,0,-0.152731,-0.67362,0.723125,0.415944,0.61993,0.66534,-0.896473,0.402398,0.185505,0,0,0
Riedones3D_Registration_Benchmark/test/die_reverse_0003/L0017R.ply,gicp,0.0005,100,0,7.3699,20,28267,4892.24,-0.152731,-0.67362,0.723125,0.415944,0.61993,0.66534,-0.896473,0.402398,0.185505,0,0,0
Riedones3D_Registration_Benchmark/test/die_reverse_0003/L0017R.ply,icp,0.0005,100,0.005,5.80819,20,5708.4,0,0.406035,-0.712452,-0.572318,-0.438452,0.397604,-0.806021,0.801807,0.578207,-0.150935,-0.000917616,-0.00448259,0.00201602
Riedones3D_Registration_Benchmark/test/die_reverse_0003/L0017R.ply,gicp,0.0005,100,0.005,3.85363,20,24257.1,4893.99,0.406035,-0.712452,-0.572318,-0.438452,0.397604,-0.806021,0.801807,0.578207,-0.150935,-0.000917616,-0.00448259,0.00201602
Riedones3D_Registration_Benchmark/test/die_reverse_0003/L0017R.ply,icp,0.0005,100,0.01,3.98024,20,6114.9,0,-0.159268,-0.380671,0.910892,0.60386,0.692373,0.394934,-0.781017,0.612951,0.119599,-0.00372471,-0.000729243,-0.00925174
Riedones3D_Registration_Benchmark/test/die_reverse_0003/L0017R.ply,gicp,0.0005,100,0.01,0.151011,20,28445.8,4899.27,-0.159268,-0.380671,0.910892,0.60386,0.692373,0.394934,-0.781017,0.612951,0.119599,-0.00372471,-0.000729243,-0.00925174
Riedones3D_Registration_Benchmark/test/die_reverse_0003/L0017R.ply,icp,0.001,10,0,0.285974,20,4558.19,0,0.992952,-0.03119,0.114341,0.0455237,0.991115,-0.124977,-0.109427,0.129302,0.985549,0,0,0
Riedones3D_Registration_Benchmark/test/die_reverse_0003/L0017R.ply,gicp,0.001,10,0,0.00173237,6,6545.82,4884.12,0.992952,-0.03119,0.114341,0.0455237,0.991115,-0.124977,-0.109427,0.129302,0.985549,0,0,0
Riedones3D_Registration_Benchmark/test/die_reverse_0003/L0017R.ply,icp,0.001,10,0.005,0.271192,20,4431.31,0,0.988762,-0.0116173,-0.149048,0.0248497,0.995878,0.0872272,0.14742,-0.0899507,0.984975,-0.00476851,-0.00150098,-9.15511e-05
Riedones3D_Registration_Benchmark/test/die_reverse_0003/L0017R.ply,gicp,0.001,10,0.005,0.00172918,6,6463.69,4891.55,0.988762,-0.0116173,-0.149048,0.0248497,0.995878,0.0872272,0.14742,-0.0899507,0.984975,-0.00476851,-0.00150098,-9.15511e-05
Riedones3D_Registration_Benchmark/test/die_reverse_0003/L0017R.ply,icp,0.001,10,0.01,0.955674,20,4722.76,0,0.996971,-0.0764548,-0.014258,0.0733047,0.985012,-0.156136,0.0259817,0.154618,0.987633,-0.00933774,-0.0030565,-0.00186132
Riedones3D_Registration_Benchmark/test/die_reverse_0003/L0017R.ply,gicp,0.001,10,0.01,0.00173106,7,7714.8,4885.9,0.996971,-0.0764548,-0.014258,0.0733047,0.985012,-0.156136,0.0259817,0.154618,0.987633,-0.00933774,-0.0030565,-0.00186132
Riedones3D_Registration_Benchmark/test/die_reverse_0003/L0017R.ply,icp,0.001,50,0,4.56267,20,5749.51,0,0.762164,0.595193,-0.254659,-0.642546,0.647484,-0.409755,-0.0789959,0.475931,0.875928,0,0,0
Riedones3D_Registration_Benchmark/test/die_reverse_0003/L0017R.ply,gicp,0.001,50,0,0.0017335,16,18311.8,4897.87,0.762164,0.595193,-0.254659,-0.642546,0.647484,-0.409755,-0.0789959,0.475931,0.875928,0,0,0
Riedones3D_Registration_Benchmark/test/die_reverse_0003/L0017R.ply,icp,0.001,50,0.005,4.9252,20,5762.36,0,0.75328,0.655487,-0.0539052,-0.599067,0.64999,-0.46758,-0.271455,0.384512,0.882305,-0.00312948,-0.00242102,0.00305696
Riedones3D_Registration_Benchmark/test/die_reverse_0003/L0017R.ply,gicp,0.001,50,0.005,0.00173294,15,17116,4898.35,0.75328,0.655487,-0.0539052,-0.599067,0.64999,-0.46758,-0.271455,0.384512,0.882305,-0.00312948,-0.00242102,0.00305696
Riedones3D_Registration_Benchmark/test/die_reverse_0003/L0017R.ply,icp,0.001,50,0.01,5.17849,20,5531.75,0,0.750183,-0.425423,-0.506202,0.130242,0.845616,-0.517658,0.648276,0.32241,0.689775,-0.000760744,0.000494282,0.00995876
Riedones3D_Registration_Benchmark/test/die_reverse_0003/L0017R.ply,gicp,0.001,50,0.01,0.00172742,17,19430.3,4896.91,0.750183,-0.425423,-0.506202,0.130242,0.845616,-0.517658,0.648276,0.32241,0.689775,-0.000760744,0.000494282,0.00995876
Riedones3D_Registration_Benchmark/test/die_reverse_0003/L0017R.ply,icp,0.001,100,0,11.7997,20,6193.36,0,-0.120813,-0.419706,0.899584,0.796859,0.499404,0.340017,-0.591963,0.75792,0.274113,0,0,0
Riedones3D_Registration_Benchmark/test/die_reverse_0003/L0017R.ply,gicp,0.001,100,0,11.7672,20,26131.4,4903.68,-0.120813,-0.419706,0.899584,0.796859,0.499404,0.340017,-0.591963,0.75792,0.274113,0,0,0
Riedones3D_Registration_Benchmark/test/die_reverse_0003/L0017R.ply,icp,0.001,100,0.005,7.4829,20,5919.59,0,0.556094,-0.690671,0.462313,0.504301,-0.161749,-0.848244,0.660636,0.704848,0.258358,-0.00321515,0.000927027,-0.00371529
Riedones3D_Registration_Benchmark/test/die_reverse_0003/L0017R.ply,gicp,0.001,100,0.005,0.629809,20,25223.6,4898.62,0.556094,-0.690671,0.462313,0.504301,-0.161749,-0.848244,0.660636,0.704848,0.258358,-0.00321515,0.000927027,-0.00371529
Riedones3D_Registration_Benchmark/test/die_reverse_0003/L0017R.ply,icp,0.001,100,0.01,3.65292,20,6414.75,0,0.926112,-0.0904845,-0.366237,-0.375373,-0.124314,-0.918499,0.0375816,0.988109,-0.149094,-0.00138237,0.00956825,0.0025569
Riedones3D_Registration_Benchmark/test/die_reverse_0003/L0017R.ply,gicp,0.001,100,0.01,16.8104,20,29219.4,4888.24,0.926112,-0.0904845,-0.366237,-0.375373,-0.124314,-0.918499,0.0375816,0.988109,-0.149094,-0.00138237,0.00956825,0.0025569
Riedones3D_Registration_Benchmark/test/die_obverse_beard_0003b/L0044D.ply,icp,0,10,0,0.901422,20,4272.64,0,0.985199,0.0451599,0.165356,-0.0497873,0.998473,0.0239451,-0.164022,-0.0318234,0.985943,0,0,0
Riedones3D_Registration_Benchmark/test/die_obverse_beard_0003b/L0044D.ply,gicp,0,10,0,1.66547e-14,5,5334.04,4711.57,0.985199,0.0451599,0.165356,-0.0497873,0.998473,0.0239451,-0.164022,-0.0318234,0.985943,0,0,0
Riedones3D_Registration_Benchmark/test/die_obverse_beard_0003b/L0044D.ply,icp,0,10,0.005,1.16274,20,4118.13,0,0.985375,-0.161889,-0.0531863,0.163594,0.986089,0.0294055,0.0476861,-0.0376764,0.998152,-0.00355559,0.0034133,0.000840914
Riedones3D_Registration_Benchmark/test/die_obverse_beard_0003b/L0044D.ply,gicp,0,10,0.005,3.89532e-15,8,8265.85,4701.37,0.985375,-0.161889,-0.0531863,0.163594,0.986089,0.0294055,0.0476861,-0.0376764,0.998152,-0.00355559,0.0034133,0.000840914
Riedones3D_Registration_Benchmark/test/die_obverse_beard_0003b/L0044D.ply,icp,0,10,0.01,0.521275,20,4311.39,0,0.985905,-0.067834,-0.152937,0.0605711,0.996826,-0.0516639,0.155956,0.0416722,0.986885,0.00603531,0.00251664,0.00756581
Riedones3D_Registration_Benchmark/test/die_obverse_beard_0003b/L0044D.ply,gicp,0,10,0.01,3.28722e-15,6,6362.76,4708.02,0.985905,-0.067834,-0.152937,0.0605711,0.996826,-0.0516639,0.155956,0.0416722,0.986885,0.00603531,0.00251664,0.00756581
Riedones3D_Registration_Benchmark/test/die_obverse_beard_0003b/L0044D.ply,icp,0,50,0,4.80917,20,5015.22,0,0.652562,0.648638,-0.391705,-0.701035,0.713012,0.0128091,0.287598,0.26624,0.920002,0,0,0
Riedones3D_Registration_Benchmark/test/die_obverse_beard_0003b/L0044D.ply,gicp,0,50,0,2.70069e-06,20,21646.4,4721.79,0.652562,0.648638,-0.391705,-0.701035,0.713012,0.0128091,0.287598,0.26624,0.920002,0,0,0
Riedones3D_Registration_Benchmark/test/die_obverse_beard_0003b/L0044D.ply,icp,0,50,0.005,3.02974,20,4611.53,0,0.766644,0.450016,0.457977,-0.620786,0.701651,0.34973,-0.163956,-0.552424,0.81728,-0.00387436,-0.00288623,-0.00128802
Riedones3D_Registration_Benchmark/test/die_obverse_beard_0003b/L0044D.ply,gicp,0,50,0.005,5.39649e-15,18,21328.2,4712.15,0.766644,0.450016,0.457977,-0.620786,0.701651,0.34973,-0.163956,-0.552424,0.81728,-0.00387436,-0.00288623,-0.00128802
Riedones3D_Registration_Benchmark/test/die_obverse_beard_0003b/L0044D.ply,icp,0,50,0.01,2.79289,20,4824.33,0,0.711363,0.29795,0.636544,-0.0243865,0.915613,-0.401321,-0.702401,0.269962,0.658599,0.00020975,0.00364055,0.00931141
Riedones3D_Registration_Benchmark/test/die_obverse_beard_0003b/L0044D.ply,gicp,0,50,0.01,2.55056e-11,12,13334.9,4722.08,0.711363,0.29795,0.636544,-0.0243865,0.915613,-0.401321,-0.702401,0.269962,0.658599,0.00020975,0.00364055,0.00931141
Riedones3D_Registration_Benchmark/test/die_obverse_beard_0003b/L0044D.ply,icp,0,100,0,11.3829,20,8013.37,0,0.786358,-0.598408,-0.153457,-0.197799,-0.00855932,-0.980205,0.585249,0.801146,-0.125095,0,0,0
Riedones3D_Registration_Benchmark/test/die_obverse_beard_0003b/L0044D.ply,gicp,0,100,0,10.98,20,26838.6,4716.71,0.786358,-0.598408,-0.153457,-0.197799,-0.00855932,-0.980205,0.585249,0.801146,-0.125095,0,0,0
Riedones3D_Registration_Benchmark/test/die_obverse_beard_0003b/L0044D.ply,icp,0,100,0.005,4.12048,20,5063.71,0,0.532143,-0.299965,-0.791736,0.812884,-0.0804597,0.576841,-0.236735,-0.950551,0.201021,0.00193592,-0.000671095,0.00456091
Riedones3D_Registration_Benchmark/test/die_obverse_beard_0003b/L0044D.ply,gicp,0,100,0.005,1.04881,20,22476.9,4717.81,0.532143,-0.299965,-0.791736,0.812884,-0.0804597,0.576841,-0.236735,-0.950551,0.201021,0.00193592,-0.000671095,0.00456091
Riedones3D_Registration_Benchmark/test/die_obverse_beard_0003b/L0044D.ply,icp,0,100,0.01,10.8784,20,4842.91,0,0.00471696,-0.160925,0.986955,0.858048,0.507511,0.0786498,-0.513548,0.846484,0.140475,0.0010048,-0.00618433,0.00779387
Riedones3D_Registration_Benchmark/test/die_obverse_beard_0003b/L0044D.ply,gicp,0,100,0.01,11.08,20,28932.6,4722.86,0.00471696,-0.160925,0.986955,0.858048,0.507511,0.0786498,-0.513548,0.846484,0.140475,0.0010048,-0.00618433,0.00779387
Riedones3D_Registration_Benchmark/test/die_obverse_beard_0003b/L0044D.ply,icp,0.0005,10,0,0.953073,20,4274.75,0,0.984808,0.0533044,0.165263,-0.0534154,0.998565,-0.00377633,-0.165227,-0.00510863,0.986242,0,0,0
Riedones3D_Registration_Benchmark/test/die_obverse_beard_0003b/L0044D.ply,gicp,0.0005,10,0,0.000866368,5,5354.72,4703.67,0.984808,0.0533044,0.165263,-0.0534154,0.998565,-0.00377633,-0.165227,-0.00510863,0.986242,0,0,0
Riedones3D_Registration_Benchmark/test/die_obverse_beard_0003b/L0044D.ply,icp,0.0005,10,0.005,0.830405,20,4017.51,0,0.987287,0.106869,-0.117656,-0.114909,0.991325,-0.0637981,0.109817,0.0765067,0.991003,-0.00130462,0.00195669,-0.00441241
Riedones3D_Registration_Benchmark/test/die_obverse_beard_0003b/L0044D.ply,gicp,0.0005,10,0.005,0.000867943,7,7319.5,4709.75,0.987287,0.106869,-0.117656,-0.114909,0.991325,-0.0637981,0.109817,0.0765067,0.991003,-0.00130462,0.00195669,-0.00441241
Riedones3D_Registration_Benchmark/test/die_obverse_beard_0003b/L0044D.ply,icp,0.0005,10,0.01,0.610413,20,4178.72,0,0.994031,0.108915,-0.00634032,-0.107047,0.984902,0.136046,0.021062,-0.134555,0.990682,-0.00870421,0.00428027,0.00243229
Riedones3D_Registration_Benchmark/test/die_obverse_beard_0003b/L0044D.ply,gicp,0.0005,10,0.01,0.000866506,6,6277.72,4706.72,0.994031,0.108915,-0.00634032,-0.107047,0.984902,0.136046,0.021062,-0.134555,0.990682,-0.00870421,0.00428027,0.00243229
Riedones3D_Registration_Benchmark/test/die_obverse_beard_0003b/L0044D.ply,icp,0.0005,50,0,7.96794,20,4990.57,0,0.682994,-0.729322,0.0400919,0.70672,0.645964,-0.288578,0.184569,0.225431,0.956617,0,0,0
Riedones3D_Registration_Benchmark/test/die_obverse_beard_0003b/L0044D.ply,gicp,0.0005,50,0,4.43346,20,22291.7,4705.6,0.682994,-0.729322,0.0400919,0.70672,0.645964,-0.288578,0.184569,0.225431,0.956617,0,0,0
Riedones3D_Registration_Benchmark/test/die_obverse_beard_0003b/L0044D.ply,icp,0.0005,50,0.005,5.04111,20,4614.28,0,0.696863,0.697672,-0.16624,-0.711605,0.643685,-0.28158,-0.0894446,0.31452,0.945027,-0.00242873,0.00436313,0.000253796
Riedones3D_Registration_Benchmark/test/die_obverse_beard_0003b/L0044D.ply,gicp,0.0005,50,0.005,0.000868435,20,21344.5,4710.75,0.696863,0.697672,-0.16624,-0.711605,0.643685,-0.28158,-0.0894446,0.31452,0.945027,-0.00242873,0.00436313,0.000253796
Riedones3D_Registration_Benchmark/test/die_obverse_beard_0003b/L0044D.ply,icp,0.0005,50,0.01,0.90147,20,5028.48,0,0.908727,0.41727,0.0100217,-0.307936,0.654025,0.690961,0.281763,-0.630981,0.722823,0.00631858,-0.00305228,-0.00712454
Riedones3D_Registration_Benchmark/test/die_obverse_beard_0003b/L0044D.ply,gicp,0.0005,50,0.01,0.000864338,12,13672.7,4721.32,0.908727,0.41727,0.0100217,-0.307936,0.654025,0.690961,0.281763,-0.630981,0.722823,0.00631858,-0.00305228,-0.00712454
Riedones3D_Registration_Benchmark/test/die_obverse_beard_0003b/L0044D.ply,icp,0.0005,100,0,10.6797,20,7503.91,0,0.685499,0.271909,0.675393,0.680556,0.0903317,-0.727106,-0.258717,0.958074,-0.123127,0,0,0
Riedones3D_Registration_Benchmark/test/die_obverse_beard_0003b/L0044D.ply,gicp,0.0005,100,0,11.5989,20,26676.2,4713.28,0.685499,0.271909,0.675393,0.680556,0.0903317,-0.727106,-0.258717,0.958074,-0.123127,0,0,0
Riedones3D_Registration_Benchmark/test/die_obverse_beard_0003b/L0044D.ply,icp,0.0005,100,0.005,13.924,20,4878.01,0,0.0177289,0.554122,0.832247,-0.996119,0.0815572,-0.0330821,-0.0862072,-0.828431,0.553418,-0.000724638,0.0048531,-0.000960379
Riedones3D_Registration_Benchmark/test/die_obverse_beard_0003b/L0044D.ply,gicp,0.0005,100,0.005,14.6443,20,24468.4,4721.37,0.0177289,0.554122,0.832247,-0.996119,0.0815572,-0.0330821,-0.0862072,-0.828431,0.553418,-0.000724638,0.0048531,-0.000960379
Riedones3D_Registration_Benchmark/test/die_obverse_beard_0003b/L0044D.ply,icp,0.0005,100,0.01,7.88358,20,5308.6,0,0.0957036,0.968178,0.231242,-0.691307,-0.102498,0.715255,0.716195,-0.228312,0.659498,-0.00290004,-0.00822978,-0.00488472
Riedones3D_Registration_Benchmark/test/die_obverse_beard_0003b/L0044D.ply,gicp,0.0005,100,0.01,4.78323,20,23749.6,4715.1,0.0957036,0.968178,0.231242,-0.691307,-0.102498,0.715255,0.716195,-0.228312,0.659498,-0.00290004,-0.00822978,-0.00488472
Riedones3D_Registration_Benchmark/test/die_obverse_beard_0003b/L0044D.ply,icp,0.001,10,0,0.957326,20,4037.45,0,0.987729,-0.140728,-0.0677228,0.145503,0.986759,0.071662,0.0567412,-0.0806366,0.995127,0,0,0
Riedones3D_Registration_Benchmark/test/die_obverse_beard_0003b/L0044D.ply,gicp,0.001,10,0,0.00173672,7,7277.52,4707.11,0.987729,-0.140728,-0.0677228,0.145503,0.986759,0.071662,0.0567412,-0.0806366,0.995127,0,0,0
Riedones3D_Registration_Benchmark/test/die_obverse_beard_0003b/L0044D.ply,icp,0.001,10,0.005,0.692583,20,4307.23,0,0.990054,0.070748,-0.121608,-0.0579042,0.992669,0.106088,0.128222,-0.0979913,0.986893,-0.00366323,-0.00230471,0.0025038
Riedones3D_Registration_Benchmark/test/die_obverse_beard_0003b/L0044D.ply,gicp,0.001,10,0.005,0.00173265,7,7455.5,4711.25,0.990054,0.070748,-0.121608,-0.0579042,0.992669,0.106088,0.128222,-0.0979913,0.986893,-0.00366323,-0.00230471,0.0025038
Riedones3D_Registration_Benchmark/test/die_obverse_beard_0003b/L0044D.ply,icp,0.001,10,0.01,0.715274,20,4249.12,0,0.988493,0.0682479,0.134996,-0.0796072,0.993561,0.0806149,-0.128625,-0.0904339,0.987561,0.00248403,-0.00906625,0.00341067
Riedones3D_Registration_Benchmark/test/die_obverse_beard_0003b/L0044D.ply,gicp,0.001,10,0.01,0.0017294,6,6289.85,4709.82,0.988493,0.0682479,0.134996,-0.0796072,0.993561,0.0806149,-0.128625,-0.0904339,0.987561,0.00248403,-0.00906625,0.00341067
Riedones3D_Registration_Benchmark/test/die_obverse_beard_0003b/L0044D.ply,icp,0.001,50,0,1.72285,20,4634.47,0,0.99268,0.0995817,0.0683388,-0.0126092,0.648192,-0.761372,-0.120115,0.754937,0.644703,0,0,0
Riedones3D_Registration_Benchmark/test/die_obverse_beard_0003b/L0044D.ply,gicp,0.001,50,0,0.00173554,10,11313.1,4718.69,0.99268,0.0995817,0.0683388,-0.0126092,0.648192,-0.761372,-0.120115,0.754937,0.644703,0,0,0
Riedones3D_Registration_Benchmark/test/die_obverse_beard_0003b/L0044D.ply,icp,0.001,50,0.005,7.69759,20,4879.07,0,0.672702,-0.726397,0.140783,0.737731,0.643861,-0.202967,0.0567898,0.240397,0.969012,0.00171969,0.00046581,0.0046718
Riedones3D_Registration_Benchmark/test/die_obverse_beard_0003b/L0044D.ply,gicp,0.001,50,0.005,5.95207,20,22015.2,4708.54,0.672702,-0.726397,0.140783,0.737731,0.643861,-0.202967,0.0567898,0.240397,0.969012,0.00171969,0.00046581,0.0046718
Riedones3D_Registration_Benchmark/test/die_obverse_beard_0003b/L0044D.ply,icp,0.001,50,0.01,1.1655,20,4666.55,0,0.810962,-0.0221375,0.584679,-0.321372,0.818199,0.476729,-0.488938,-0.574509,0.656414,-0.00892704,0.00400208,-0.00207156
Riedones3D_Registration_Benchmark/test/die_obverse_beard_0003b/L0044D.ply,gicp,0.001,50,0.01,0.00173501,10,12088.6,4720.29,0.810962,-0.0221375,0.584679,-0.321372,0.818199,0.476729,-0.488938,-0.574509,0.656414,-0.00892704,0.00400208,-0.00207156
Riedones3D_Registration_Benchmark/test/die_obverse_beard_0003b/L0044D.ply,icp,0.001,100,0,11.2259,20,7700.62,0,0.138263,0.198333,0.970334,0.775941,0.587154,-0.230576,-0.615466,0.784802,-0.072713,0,0,0
Riedones3D_Registration_Benchmark/test/die_obverse_beard_0003b/L0044D.ply,gicp,0.001,100,0,11.6433,20,27109,4723.56,0.138263,0.198333,0.970334,0.775941,0.587154,-0.230576,-0.615466,0.784802,-0.072713,0,0,0
Riedones3D_Registration_Benchmark/test/die_obverse_beard_0003b/L0044D.ply,icp,0.001,100,0.005,10.2162,20,7441.71,0,0.878276,0.4778,0.0183805,0.0391342,-0.110141,0.993145,0.476549,-0.871537,-0.115432,0.00278323,-0.000769668,-0.00408182
Riedones3D_Registration_Benchmark/test/die_obverse_beard_0003b/L0044D.ply,gicp,0.001,100,0.005,0.00173318,16,20572.5,4722.13,0.878276,0.4778,0.0183805,0.0391342,-0.110141,0.993145,0.476549,-0.871537,-0.115432,0.00278323,-0.000769668,-0.00408182
Riedones3D_Registration_Benchmark/test/die_obverse_beard_0003b/L0044D.ply,icp,0.001,100,0.01,7.55594,20,5013.52,0,0.262161,0.948944,0.175431,-0.126803,0.214087,-0.968549,-0.956657,0.231671,0.176455,0.00739561,0.00229861,0.00632624
Riedones3D_Registration_Benchmark/test/die_obverse_beard_0003b/L0044D.ply,gicp,0.001,100,0.01,11.0553,20,24667.4,4703.66,0.262161,0.948944,0.175431,-0.126803,0.214087,-0.968549,-0.956657,0.231671,0.176455,0.00739561,0.00229861,0.00632624
Riedones3D_Registration_Benchmark/test/die_obverse_0001/L0102D.ply,icp,0,10,0,1.2093,20,65640.6,0,0.985487,-0.0181457,-0.168779,0.0243752,0.999093,0.0349105,0.167992,-0.0385179,0.985035,0,0,0
Riedones3D_Registration_Benchmark/test/die_obverse_0001/L0102D.ply,gicp,0,10,0,2.4187e-15,8,100059,54970.6,0.985487,-0.0181457,-0.168779,0.0243752,0.999093,0.0349105,0.167992,-0.0385179,0.985035,0,0,0
Riedones3D_Registration_Benchmark/test/die_obverse_0001/L0102D.ply,icp,0,10,0.005,0.852775,20,72415.7,0,0.996755,0.00495784,0.0803436,0.00749366,0.988052,-0.153938,-0.0801468,0.154041,0.984809,0.00443298,-0.00054935,0.00224653
Riedones3D_Registration_Benchmark/test/die_obverse_0001/L0102D.ply,gicp,0,10,0.005,3.26967e-15,7,88100.1,55075.2,0.996755,0.00495784,0.0803436,0.00749366,0.988052,-0.153938,-0.0801468,0.154041,0.984809,0.00443298,-0.00054935,0.00224653
Riedones3D_Registration_Benchmark/test/die_obverse_0001/L0102D.ply,icp,0,10,0.01,1.3262,20,62551.1,0,0.9876,0.0907772,-0.128088,-0.100117,0.992618,-0.0684528,0.120928,0.0804276,0.989398,0.0017377,0.00814314,0.00553802
Riedones3D_Registration_Benchmark/test/die_obverse_0001/L0102D.ply,gicp,0,10,0.01,3.14636e-13,9,111686,55015.6,0.9876,0.0907772,-0.128088,-0.100117,0.992618,-0.0684528,0.120928,0.0804276,0.989398,0.0017377,0.00814314,0.00553802
Riedones3D_Registration_Benchmark/test/die_obverse_0001/L0102D.ply,icp,0,50,0,1.57362,20,95073.1,0,0.880377,0.324477,0.345906,-0.0126288,0.745117,-0.666815,-0.474106,0.58268,0.660081,0,0,0
Riedones3D_Registration_Benchmark/test/die_obverse_0001/L0102D.ply,gicp,0,50,0,3.13704e-15,9,148386,55159.2,0.880377,0.324477,0.345906,-0.0126288,0.745117,-0.666815,-0.474106,0.58268,0.660081,0,0,0
Riedones3D_Registration_Benchmark/test/die_obverse_0001/L0102D.ply,icp,0,50,0.005,1.88059,20,78952.1,0,0.861268,0.406674,-0.304688,-0.115058,0.740096,0.662586,0.494954,-0.535607,0.684212,-0.00121924,-0.00433405,0.00217474
Riedones3D_Registration_Benchmark/test/die_obverse_0001/L0102D.ply,gicp,0,50,0.005,1.53771e-12,12,183569,55099.8,0.861268,0.406674,-0.304688,-0.115058,0.740096,0.662586,0.494954,-0.535607,0.684212,-0.00121924,-0.00433405,0.00217474
Riedones3D_Registration_Benchmark/test/die_obverse_0001/L0102D.ply,icp,0,50,0.01,5.31745,20,83700.7,0,0.82724,0.22008,-0.516951,-0.487118,0.739438,-0.464702,0.279981,0.636236,0.718898,0.00549449,0.00817713,-0.00171613
Riedones3D_Registration_Benchmark/test/die_obverse_0001/L0102D.ply,gicp,0,50,0.01,2.18636,20,280332,55091.3,0.82724,0.22008,-0.516951,-0.487118,0.739438,-0.464702,0.279981,0.636236,0.718898,0.00549449,0.00817713,-0.00171613
Riedones3D_Registration_Benchmark/test/die_obverse_0001/L0102D.ply,icp,0,100,0,11.9052,20,157047,0,0.999302,0.0166089,-0.0334697,-0.0300836,-0.173609,-0.984355,-0.0221597,0.984675,-0.172989,0,0,0
Riedones3D_Registration_Benchmark/test/die_obverse_0001/L0102D.ply,gicp,0,100,0,21.0787,20,424749,55087.6,0.999302,0.0166089,-0.0334697,-0.0300836,-0.173609,-0.984355,-0.0221597,0.984675,-0.172989,0,0,0
Riedones3D_Registration_Benchmark/test/die_obverse_0001/L0102D.ply,icp,0,100,0.005,11.8523,20,84182.2,0,0.0466348,-0.841691,-0.537942,0.925968,-0.165587,0.33936,-0.374712,-0.513943,0.771656,-0.00195658,-0.000191935,0.00459728
Riedones3D_Registration_Benchmark/test/die_obverse_0001/L0102D.ply,gicp,0,100,0.005,11.6851,20,281369,55113.6,0.0466348,-0.841691,-0.537942,0.925968,-0.165587,0.33936,-0.374712,-0.513943,0.771656,-0.00195658,-0.000191935,0.00459728
Riedones3D_Registration_Benchmark/test/die_obverse_0001/L0102D.ply,icp,0,100,0.01,11.67,20,85176.8,0,-0.0162004,0.29095,-0.956601,-0.899286,0.413963,0.141137,0.437061,0.862544,0.254941,-0.00397751,0.00858182,0.00324527
Riedones3D_Registration_Benchmark/test/die_obverse_0001/L0102D.ply,gicp,0,100,0.01,12.8553,20,317110,55143.9,-0.0162004,0.29095,-0.956601,-0.899286,0.413963,0.141137,0.437061,0.862544,0.254941,-0.00397751,0.00858182,0.00324527
Riedones3D_Registration_Benchmark/test/die_obverse_0001/L0102D.ply,icp,0.0005,10,0,1.37911,20,59280,0,0.984869,0.169732,0.0349799,-0.170111,0.985391,0.00813072,-0.0330888,-0.0139582,0.999355,0,0,0
Riedones3D_Registration_Benchmark/test/die_obverse_0001/L0102D.ply,gicp,0.0005,10,0,0.000866161,9,110520,55093.7,0.984869,0.169732,0.0349799,-0.170111,0.985391,0.00813072,-0.0330888,-0.0139582,0.999355,0,0,0
Riedones3D_Registration_Benchmark/test/die_obverse_0001/L0102D.ply,icp,0.0005,10,0.005,1.20783,20,60014.2,0,0.986708,0.153721,0.0526968,-0.150169,0.986468,-0.0658088,-0.0620999,0.0570207,0.99644,0.000528065,0.0044501,-0.00221759
Riedones3D_Registration_Benchmark/test/die_obverse_0001/L0102D.ply,gicp,0.0005,10,0.005,0.000866009,9,111036,55108.3,0.986708,0.153721,0.0526968,-0.150169,0.986468,-0.0658088,-0.0620999,0.0570207,0.99644,0.000528065,0.0044501,-0.00221759
Riedones3D_Registration_Benchmark/test/die_obverse_0001/L0102D.ply,icp,0.0005,10,0.01,0.902117,20,67248.8,0,0.991108,0.0217769,0.131266,-0.0363833,0.993274,0.109925,-0.12799,-0.113723,0.985234,0.00444861,-0.00892734,-0.000715929
Riedones3D_Registration_Benchmark/test/die_obverse_0001/L0102D.ply,gicp,0.0005,10,0.01,0.000865886,7,87771.5,55109.2,0.991108,0.0217769,0.131266,-0.0363833,0.993274,0.109925,-0.12799,-0.113723,0.985234,0.00444861,-0.00892734,-0.000715929
Riedones3D_Registration_Benchmark/test/die_obverse_0001/L0102D.ply,icp,0.0005,50,0,3.0463,20,72827.4,0,0.65752,-0.0683972,-0.750326,-0.0736663,0.985263,-0.154368,0.749827,0.156774,0.642792,0,0,0
Riedones3D_Registration_Benchmark/test/die_obverse_0001/L0102D.ply,gicp,0.0005,50,0,0.000866822,20,280859,55218.7,0.65752,-0.0683972,-0.750326,-0.0736663,0.985263,-0.154368,0.749827,0.156774,0.642792,0,0,0
Riedones3D_Registration_Benchmark/test/die_obverse_0001/L0102D.ply,icp,0.0005,50,0.005,2.07752,20,71923.3,0,0.644556,-0.155956,-0.748482,0.106556,0.987744,-0.114048,0.757095,-0.00624497,0.653275,-0.00372987,-0.00251474,0.0021827
Riedones3D_Registration_Benchmark/test/die_obverse_0001/L0102D.ply,gicp,0.0005,50,0.005,0.000866552,16,224760,55219.1,0.644556,-0.155956,-0.748482,0.106556,0.987744,-0.114048,0.757095,-0.00624497,0.653275,-0.00372987,-0.00251474,0.0021827
Riedones3D_Registration_Benchmark/test/die_obverse_0001/L0102D.ply,icp,0.0005,50,0.01,6.31719,20,79401.5,0,0.65292,-0.67462,0.344358,0.612592,0.737717,0.283733,-0.445451,0.025696,0.894937,-0.00747016,0.00664104,0.000305289
Riedones3D_Registration_Benchmark/test/die_obverse_0001/L0102D.ply,gicp,0.0005,50,0.01,5.58659,20,269501,55188.9,0.65292,-0.67462,0.344358,0.612592,0.737717,0.283733,-0.445451,0.025696,0.894937,-0.00747016,0.00664104,0.000305289
Riedones3D_Registration_Benchmark/test/die_obverse_0001/L0102D.ply,icp,0.0005,100,0,9.63888,20,82553.1,0,0.514433,-0.749815,0.416097,0.482819,-0.147748,-0.863167,0.708693,0.644941,0.286018,0,0,0
Riedones3D_Registration_Benchmark/test/die_obverse_0001/L0102D.ply,gicp,0.0005,100,0,10.1927,20,320711,55200.7,0.514433,-0.749815,0.416097,0.482819,-0.147748,-0.863167,0.708693,0.644941,0.286018,0,0,0
Riedones3D_Registration_Benchmark/test/die_obverse_0001/L0102D.ply,icp,0.0005,100,0.005,11.3248,20,158238,0,0.0171786,0.786269,0.617645,-0.00900249,0.617833,-0.786258,-0.999812,0.00794643,0.0176919,-0.00466701,-0.000979679,0.00150307
Riedones3D_Registration_Benchmark/test/die_obverse_0001/L0102D.ply,gicp,0.0005,100,0.005,11.3973,20,464560,55020.1,0.0171786,0.786269,0.617645,-0.00900249,0.617833,-0.786258,-0.999812,0.00794643,0.0176919,-0.00466701,-0.000979679,0.00150307
Riedones3D_Registration_Benchmark/test/die_obverse_0001/L0102D.ply,icp,0.0005,100,0.01,9.00867,20,83348.2,0,0.051344,-0.293183,-0.954677,0.950781,0.306852,-0.0431004,0.30558,-0.905475,0.294508,-0.00744984,0.00283383,0.00603898
Riedones3D_Registration_Benchmark/test/die_obverse_0001/L0102D.ply,gicp,0.0005,100,0.01,8.54551,20,310735,55228.3,0.051344,-0.293183,-0.954677,0.950781,0.306852,-0.0431004,0.30558,-0.905475,0.294508,-0.00744984,0.00283383,0.00603898
Riedones3D_Registration_Benchmark/test/die_obverse_0001/L0102D.ply,icp,0.001,10,0,0.891632,20,71372.7,0,0.999755,0.0217015,0.00436653,-0.0206249,0.984827,-0.172308,-0.00803962,0.172176,0.985033,0,0,0
Riedones3D_Registration_Benchmark/test/die_obverse_0001/L0102D.ply,gicp,0.001,10,0,0.00172956,7,88386.2,55074,0.999755,0.0217015,0.00436653,-0.0206249,0.984827,-0.172308,-0.00803962,0.172176,0.985033,0,0,0
Riedones3D_Registration_Benchmark/test/die_obverse_0001/L0102D.ply,icp,0.001,10,0.005,1.35026,20,67452.3,0,0.99124,-0.130418,0.0208646,0.131943,0.984898,-0.112101,-0.0059296,0.113872,0.993478,0.00173842,0.000689215,0.00463712
Riedones3D_Registration_Benchmark/test/die_obverse_0001/L0102D.ply,gicp,0.001,10,0.005,0.00173192,8,99535.8,55056.5,0.99124,-0.130418,0.0208646,0.131943,0.984898,-0.112101,-0.0059296,0.113872,0.993478,0.00173842,0.000689215,0.00463712
Riedones3D_Registration_Benchmark/test/die_obverse_0001/L0102D.ply,icp,0.001,10,0.01,0.973781,20,67790.9,0,0.994762,-0.0395168,-0.0942681,0.0258371,0.989508,-0.142152,0.0988965,0.138972,0.985346,-0.00989695,0.00135077,-0.000475112
Riedones3D_Registration_Benchmark/test/die_obverse_0001/L0102D.ply,gicp,0.001,10,0.01,0.00173115,7,88059.7,55039.7,0.994762,-0.0395168,-0.0942681,0.0258371,0.989508,-0.142152,0.0988965,0.138972,0.985346,-0.00989695,0.00135077,-0.000475112
Riedones3D_Registration_Benchmark/test/die_obverse_0001/L0102D.ply,icp,0.001,50,0,4.81341,20,84594.1,0,0.679956,0.471634,0.561446,-0.615929,0.782834,0.088331,-0.39786,-0.405872,0.822785,0,0,0
Riedones3D_Registration_Benchmark/test/die_obverse_0001/L0102D.ply,gicp,0.001,50,0,1.03448,20,289902,55254.6,0.679956,0.471634,0.561446,-0.615929,0.782834,0.088331,-0.39786,-0.405872,0.822785,0,0,0
Riedones3D_Registration_Benchmark/test/die_obverse_0001/L0102D.ply,icp,0.001,50,0.005,6.72419,20,72381,0,0.658468,0.751176,-0.0464221,-0.745957,0.643222,-0.172668,-0.0998441,0.148325,0.983886,0.00350479,-0.00346111,0.000858591
Riedones3D_Registration_Benchmark/test/die_obverse_0001/L0102D.ply,gicp,0.001,50,0.005,5.0212,20,266752,55126.3,0.658468,0.751176,-0.0464221,-0.745957,0.643222,-0.172668,-0.0998441,0.148325,0.983886,0.00350479,-0.00346111,0.000858591
Riedones3D_Registration_Benchmark/test/die_obverse_0001/L0102D.ply,icp,0.001,50,0.01,3.13302,20,90074.6,0,0.915378,-0.157561,0.370482,0.371588,0.684799,-0.626876,-0.154934,0.711495,0.685398,0.0071446,0.00094943,0.00693205
Riedones3D_Registration_Benchmark/test/die_obverse_0001/L0102D.ply,gicp,0.001,50,0.01,0.00173224,20,308506,55018.7,0.915378,-0.157561,0.370482,0.371588,0.684799,-0.626876,-0.154934,0.711495,0.685398,0.0071446,0.00094943,0.00693205
Riedones3D_Registration_Benchmark/test/die_obverse_0001/L0102D.ply,icp,0.001,100,0,11.7709,20,136193,0,-0.168967,-0.534606,-0.828038,0.404634,0.728431,-0.552865,0.898733,-0.428468,0.0932395,0,0,0
Riedones3D_Registration_Benchmark/test/die_obverse_0001/L0102D.ply,gicp,0.001,100,0,0.00173307,20,287984,54977.7,-0.168967,-0.534606,-0.828038,0.404634,0.728431,-0.552865,0.898733,-0.428468,0.0932395,0,0,0
Riedones3D_Registration_Benchmark/test/die_obverse_0001/L0102D.ply,icp,0.001,100,0.005,11.7484,20,73457.5,0,0.0132937,0.991689,0.127967,-0.725049,-0.0785693,0.684201,0.688569,-0.101878,0.717979,0.00210378,0.00288859,-0.00349716
Riedones3D_Registration_Benchmark/test/die_obverse_0001/L0102D.ply,gicp,0.001,100,0.005,13.4047,20,291555,55249.8,0.0132937,0.991689,0.127967,-0.725049,-0.0785693,0.684201,0.688569,-0.101878,0.717979,0.00210378,0.00288859,-0.00349716
Riedones3D_Registration_Benchmark/test/die_obverse_0001/L0102D.ply,icp,0.001,100,0.01,11.7869,20,89917.4,0,0.273293,-0.784102,-0.557221,0.765552,-0.173456,0.619551,-0.582445,-0.595901,0.552866,-0.00665439,-0.00310696,0.00678718
Riedones3D_Registration_Benchmark/test/die_obverse_0001/L0102D.ply,gicp,0.001,100,0.01,11.1857,20,293057,55258.3,0.273293,-0.784102,-0.557221,0.765552,-0.173456,0.619551,-0.582445,-0.595901,0.552866,-0.00665439,-0.00310696,0.00678718
Riedones3D_Registration_Benchmark/test/die_obverse_beard_0001a/L0048D.ply,icp,0,10,0,1.1898,20,3482.3,0,0.985235,0.158013,-0.0659122,-0.156012,0.987152,0.0345084,0.0705182,-0.0237157,0.997229,0,0,0
Riedones3D_Registration_Benchmark/test/die_obverse_beard_0001a/L0048D.ply,gicp,0,10,0,2.7656e-15,9,8204.05,4153.04,0.985235,0.158013,-0.0659122,-0.156012,0.987152,0.0345084,0.0705182,-0.0237157,0.997229,0,0,0
Riedones3D_Registration_Benchmark/test/die_obverse_beard_0001a/L0048D.ply,icp,0,10,0.005,0.733813,20,3698.97,0,0.995954,-0.0772464,0.0459151,0.0695403,0.98614,0.150641,-0.0569152,-0.146839,0.987522,0.00330061,0.00287822,0.00241284
Riedones3D_Registration_Benchmark/test/die_obverse_beard_0001a/L0048D.ply,gicp,0,10,0.005,2.83049e-15,7,6525.19,4154.23,0.995954,-0.0772464,0.0459151,0.0695403,0.98614,0.150641,-0.0569152,-0.146839,0.987522,0.00330061,0.00287822,0.00241284
Riedones3D_Registration_Benchmark/test/die_obverse_beard_0001a/L0048D.ply,icp,0,10,0.01,0.714708,20,3675.09,0,0.987042,0.0279849,0.158005,-0.0173322,0.997507,-0.0684002,-0.159525,0.0647753,0.985066,0.0028176,0.00954386,-0.000987825
Riedones3D_Registration_Benchmark/test/die_obverse_beard_0001a/L0048D.ply,gicp,0,10,0.01,3.76188e-15,7,6354.57,4159.32,0.987042,0.0279849,0.158005,-0.0173322,0.997507,-0.0684002,-0.159525,0.0647753,0.985066,0.0028176,0.00954386,-0.000987825
Riedones3D_Registration_Benchmark/test/die_obverse_beard_0001a/L0048D.ply,icp,0,50,0,2.06985,20,4453.35,0,0.773113,0.457137,-0.439684,-0.16046,0.811629,0.561704,0.613636,-0.363709,0.700833,0,0,0
Riedones3D_Registration_Benchmark/test/die_obverse_beard_0001a/L0048D.ply,gicp,0,50,0,4.22104e-15,10,9659.38,4168.93,0.773113,0.457137,-0.439684,-0.16046,0.811629,0.561704,0.613636,-0.363709,0.700833,0,0,0
Riedones3D_Registration_Benchmark/test/die_obverse_beard_0001a/L0048D.ply,icp,0,50,0.005,0.758381,20,4692.4,0,0.936264,0.232082,-0.26372,0.0274115,0.700149,0.71347,0.350226,-0.675226,0.649162,0.000318274,0.000686178,0.00494245
Riedones3D_Registration_Benchmark/test/die_obverse_beard_0001a/L0048D.ply,gicp,0,50,0.005,5.31645e-15,10,10000.6,4165.22,0.936264,0.232082,-0.26372,0.0274115,0.700149,0.71347,0.350226,-0.675226,0.649162,0.000318274,0.000686178,0.00494245
Riedones3D_Registration_Benchmark/test/die_obverse_beard_0001a/L0048D.ply,icp,0,50,0.01,5.20299,20,3909.92,0,0.646575,-0.625957,0.436026,0.581301,0.774414,0.249745,-0.493994,0.0919832,0.864586,-0.00590129,0.00188695,0.00784947
Riedones3D_Registration_Benchmark/test/die_obverse_beard_0001a/L0048D.ply,gicp,0,50,0.01,0.613662,20,18898.7,4163.69,0.646575,-0.625957,0.436026,0.581301,0.774414,0.249745,-0.493994,0.0919832,0.864586,-0.00590129,0.00188695,0.00784947
Riedones3D_Registration_Benchmark/test/die_obverse_beard_0001a/L0048D.ply,icp,0,100,0,4.02804,20,4734.76,0,0.118391,0.912815,-0.390835,-0.0927519,0.402048,0.910909,0.988626,-0.071593,0.132264,0,0,0
Riedones3D_Registration_Benchmark/test/die_obverse_beard_0001a/L0048D.ply,gicp,0,100,0,0.000146711,20,19887.9,4152.23,0.118391,0.912815,-0.390835,-0.0927519,0.402048,0.910909,0.988626,-0.071593,0.132264,0,0,0
Riedones3D_Registration_Benchmark/test/die_obverse_beard_0001a/L0048D.ply,icp,0,100,0.005,12.0912,20,5957.83,0,-0.0601385,-0.184394,-0.981011,-0.499496,0.856452,-0.130361,0.864226,0.482171,-0.14361,-0.000659316,0.00484275,-0.001055
Riedones3D_Registration_Benchmark/test/die_obverse_beard_0001a/L0048D.ply,gicp,0,100,0.005,11.8772,20,24449.1,4159.04,-0.0601385,-0.184394,-0.981011,-0.499496,0.856452,-0.130361,0.864226,0.482171,-0.14361,-0.000659316,0.00484275,-0.001055
Riedones3D_Registration_Benchmark/test/die_obverse_beard_0001a/L0048D.ply,icp,0,100,0.01,11.4355,20,5962.03,0,0.040578,0.420113,-0.906564,0.485983,0.784461,0.385281,0.873026,-0.456208,-0.172336,0.00894644,-0.002832,0.00345556
Riedones3D_Registration_Benchmark/test/die_obverse_beard_0001a/L0048D.ply,gicp,0,100,0.01,12.4186,20,24158.2,4165.86,0.040578,0.420113,-0.906564,0.485983,0.784461,0.385281,0.873026,-0.456208,-0.172336,0.00894644,-0.002832,0.00345556
Riedones3D_Registration_Benchmark/test/die_obverse_beard_0001a/L0048D.ply,icp,0.0005,10,0,0.539125,20,3654.47,0,0.990787,-0.041349,0.12896,0.0552148,0.992846,-0.10587,-0.123659,0.112015,0.985982,0,0,0
Riedones3D_Registration_Benchmark/test/die_obverse_beard_0001a/L0048D.ply,gicp,0.0005,10,0,0.000865884,6,5523.86,4162.59,0.990787,-0.041349,0.12896,0.0552148,0.992846,-0.10587,-0.123659,0.112015,0.985982,0,0,0
Riedones3D_Registration_Benchmark/test/die_obverse_beard_0001a/L0048D.ply,icp,0.0005,10,0.005,0.787447,20,3648.05,0,0.985359,-0.0869268,-0.146664,0.0917677,0.995426,0.026557,0.143685,-0.0396273,0.98883,0.000361179,-5.20977e-05,-0.00498667
Riedones3D_Registration_Benchmark/test/die_obverse_beard_0001a/L0048D.ply,gicp,0.0005,10,0.005,0.000866687,8,7233.41,4149.7,0.985359,-0.0869268,-0.146664,0.0917677,0.995426,0.026557,0.143685,-0.0396273,0.98883,0.000361179,-5.20977e-05,-0.00498667
Riedones3D_Registration_Benchmark/test/die_obverse_beard_0001a/L0048D.ply,icp,0.0005,10,0.01,0.649533,20,3157.28,0,0.985174,0.110504,-0.131232,-0.1069,0.993681,0.0342165,0.134184,-0.0196805,0.990761,0.000800944,0.0070944,0.007002
Riedones3D_Registration_Benchmark/test/die_obverse_beard_0001a/L0048D.ply,gicp,0.0005,10,0.01,0.000867441,6,5426.87,4148.28,0.985174,0.110504,-0.131232,-0.1069,0.993681,0.0342165,0.134184,-0.0196805,0.990761,0.000800944,0.0070944,0.007002
Riedones3D_Registration_Benchmark/test/die_obverse_beard_0001a/L0048D.ply,icp,0.0005,50,0,4.89561,20,4190.2,0,0.701266,-0.534534,-0.471698,0.325913,0.828852,-0.454736,0.63404,0.165158,0.755457,0,0,0
Riedones3D_Registration_Benchmark/test/die_obverse_beard_0001a/L0048D.ply,gicp,0.0005,50,0,49.6968,20,27617.7,4164.56,0.701266,-0.534534,-0.471698,0.325913,0.828852,-0.454736,0.63404,0.165158,0.755457,0,0,0
Riedones3D_Registration_Benchmark/test/die_obverse_beard_0001a/L0048D.ply,icp,0.0005,50,0.005,1.00952,20,4568.52,0,0.70841,-0.196875,0.677788,-0.0787735,0.932255,0.353121,-0.701392,-0.303546,0.64491,0.00185727,-0.00363056,0.00289303
Riedones3D_Registration_Benchmark/test/die_obverse_beard_0001a/L0048D.ply,gicp,0.0005,50,0.005,0.000865465,10,9931.61,4163.22,0.70841,-0.196875,0.677788,-0.0787735,0.932255,0.353121,-0.701392,-0.303546,0.64491,0.00185727,-0.00363056,0.00289303
Riedones3D_Registration_Benchmark/test/die_obverse_beard_0001a/L0048D.ply,icp,0.0005,50,0.01,1.96806,20,4051.98,0,0.663948,0.31604,-0.677711,-0.156128,0.944912,0.287689,0.731298,-0.0852005,0.676715,0.00114094,0.00789202,-0.00603442
Riedones3D_Registration_Benchmark/test/die_obverse_beard_0001a/L0048D.ply,gicp,0.0005,50,0.01,0.000864425,11,10457.2,4168.44,0.663948,0.31604,-0.677711,-0.156128,0.944912,0.287689,0.731298,-0.0852005,0.676715,0.00114094,0.00789202,-0.00603442
Riedones3D_Registration_Benchmark/test/die_obverse_beard_0001a/L0048D.ply,icp,0.0005,100,0,11.7597,20,5708.66,0,-0.173428,-0.18992,-0.966361,0.158252,0.963105,-0.21768,0.972049,-0.19068,-0.136974,0,0,0
Riedones3D_Registration_Benchmark/test/die_obverse_beard_0001a/L0048D.ply,gicp,0.0005,100,0,11.4852,20,24632.1,4155.64,-0.173428,-0.18992,-0.966361,0.158252,0.963105,-0.21768,0.972049,-0.19068,-0.136974,0,0,0
Riedones3D_Registration_Benchmark/test/die_obverse_beard_0001a/L0048D.ply,icp,0.0005,100,0.005,9.46075,20,4407.7,0,0.0758001,0.810741,0.580478,0.0551916,0.577849,-0.814276,-0.995594,0.0937597,-0.000945058,-0.000272846,0.00196315,0.00459038
Riedones3D_Registration_Benchmark/test/die_obverse_beard_0001a/L0048D.ply,gicp,0.0005,100,0.005,47.8182,20,25513.3,4127.78,0.0758001,0.810741,0.580478,0.0551916,0.577849,-0.814276,-0.995594,0.0937597,-0.000945058,-0.000272846,0.00196315,0.00459038
Riedones3D_Registration_Benchmark/test/die_obverse_beard_0001a/L0048D.ply,icp,0.0005,100,0.01,11.0574,20,4831.61,0,0.028633,-0.841053,-0.540194,0.939684,-0.161625,0.30145,-0.340844,-0.516243,0.785696,0.00138071,0.00878716,-0.0045694
Riedones3D_Registration_Benchmark/test/die_obverse_beard_0001a/L0048D.ply,gicp,0.0005,100,0.01,34.268,20,25958.2,4163.4,0.028633,-0.841053,-0.540194,0.939684,-0.161625,0.30145,-0.340844,-0.516243,0.785696,0.00138071,0.00878716,-0.0045694
Riedones3D_Registration_Benchmark/test/die_obverse_beard_0001a/L0048D.ply,icp,0.001,10,0,0.184506,20,3579.52,0,0.985546,0.000314352,-0.169406,-0.0068473,0.999255,-0.037981,0.169268,0.038592,0.984814,0,0,0
Riedones3D_Registration_Benchmark/test/die_obverse_beard_0001a/L0048D.ply,gicp,0.001,10,0,0.00173415,6,5502.05,4151.45,0.985546,0.000314352,-0.169406,-0.0068473,0.999255,-0.037981,0.169268,0.038592,0.984814,0,0,0
Riedones3D_Registration_Benchmark/test/die_obverse_beard_0001a/L0048D.ply,icp,0.001,10,0.005,0.663238,20,3585.6,0,0.990843,-0.0936274,0.0972838,0.103756,0.989057,-0.104881,-0.0863995,0.114014,0.989715,0.00325394,-0.00205729,-0.00319053
Riedones3D_Registration_Benchmark/test/die_obverse_beard_0001a/L0048D.ply,gicp,0.001,10,0.005,0.00173504,7,6446.17,4154.21,0.990843,-0.0936274,0.0972838,0.103756,0.989057,-0.104881,-0.0863995,0.114014,0.989715,0.00325394,-0.00205729,-0.00319053
Riedones3D_Registration_Benchmark/test/die_obverse_beard_0001a/L0048D.ply,icp,0.001,10,0.01,0.252473,20,3508.9,0,0.985971,0.0262377,-0.164842,-0.0341833,0.998377,-0.0455501,0.16338,0.0505459,0.985268,0.00910502,-0.00209739,0.00356364
Riedones3D_Registration_Benchmark/test/die_obverse_beard_0001a/L0048D.ply,gicp,0.001,10,0.01,0.00173513,5,4612.58,4150.98,0.985971,0.0262377,-0.164842,-0.0341833,0.998377,-0.0455501,0.16338,0.0505459,0.985268,0.00910502,-0.00209739,0.00356364
Riedones3D_Registration_Benchmark/test/die_obverse_beard_0001a/L0048D.ply,icp,0.001,50,0,4.4022,20,4084.42,0,0.714148,0.402321,0.572826,-0.139987,0.883883,-0.446267,-0.685854,0.238512,0.687544,0,0,0
Riedones3D_Registration_Benchmark/test/die_obverse_beard_0001a/L0048D.ply,gicp,0.001,50,0,4.40475,20,20745.1,4165.38,0.714148,0.402321,0.572826,-0.139987,0.883883,-0.446267,-0.685854,0.238512,0.687544,0,0,0
Riedones3D_Registration_Benchmark/test/die_obverse_beard_0001a/L0048D.ply,icp,0.001,50,0.005,1.01074,20,4767.81,0,0.955488,0.29502,0.00226884,-0.20233,0.649656,0.732809,0.21472,-0.70065,0.680431,0.000280997,0.00333369,-0.00371585
Riedones3D_Registration_Benchmark/test/die_obverse_beard_0001a/L0048D.ply,gicp,0.001,50,0.005,0.00172618,12,11920.5,4159.37,0.955488,0.29502,0.00226884,-0.20233,0.649656,0.732809,0.21472,-0.70065,0.680431,0.000280997,0.00333369,-0.00371585
Riedones3D_Registration_Benchmark/test/die_obverse_beard_0001a/L0048D.ply,icp,0.001,50,0.01,5.38208,20,4147.83,0,0.849239,0.491235,0.193602,-0.259611,0.707754,-0.657028,-0.459778,0.507713,0.728582,0.00802051,0.00539386,0.00256469
Riedones3D_Registration_Benchmark/test/die_obverse_beard_0001a/L0048D.ply,gicp,0.001,50,0.01,5.72135,20,21090.6,4167.58,0.849239,0.491235,0.193602,-0.259611,0.707754,-0.657028,-0.459778,0.507713,0.728582,0.00802051,0.00539386,0.00256469
Riedones3D_Registration_Benchmark/test/die_obverse_beard_0001a/L0048D.ply,icp,0.001,100,0,11.9807,20,5620.72,0,-0.137125,-0.0234732,-0.990276,-0.377269,0.925608,0.0303006,0.915896,0.377755,-0.13578,0,0,0
Riedones3D_Registration_Benchmark/test/die_obverse_beard_0001a/L0048D.ply,gicp,0.001,100,0,11.8335,20,23650.5,4154.88,-0.137125,-0.0234732,-0.990276,-0.377269,0.925608,0.0303006,0.915896,0.377755,-0.13578,0,0,0
Riedones3D_Registration_Benchmark/test/die_obverse_beard_0001a/L0048D.ply,icp,0.001,100,0.005,11.4195,20,4521.7,0,-0.138456,-0.672248,0.727264,0.905233,0.211967,0.368271,-0.401725,0.709332,0.579193,-0.0049712,0.000530065,-7.84904e-05
Riedones3D_Registration_Benchmark/test/die_obverse_beard_0001a/L0048D.ply,gicp,0.001,100,0.005,10.6102,20,19770.5,4171.83,-0.138456,-0.672248,0.727264,0.905233,0.211967,0.368271,-0.401725,0.709332,0.579193,-0.0049712,0.000530065,-7.84904e-05
Riedones3D_Registration_Benchmark/test/die_obverse_beard_0001a/L0048D.ply,icp,0.001,100,0.01,5.70784,20,4949.24,0,0.478854,0.719024,0.503689,-0.584723,-0.166738,0.793913,0.654826,-0.674687,0.340587,-0.00970967,-0.00164325,0.00173839
Riedones3D_Registration_Benchmark/test/die_obverse_beard_0001a/L0048D.ply,gicp,0.001,100,0.01,7.11847,20,20220.1,4171.4,0.478854,0.719024,0.503689,-0.584723,-0.166738,0.793913,0.654826,-0.674687,0.340587,-0.00970967,-0.00164325,0.00173839
Riedones3D_Registration_Benchmark/test/die_obverse_0002/L0113D.ply,icp,0,10,0,0.863795,20,81427.1,0,0.985915,0.0647641,0.154198,-0.0574118,0.997013,-0.0516702,-0.157084,0.0420897,0.986688,0,0,0
Riedones3D_Registration_Benchmark/test/die_obverse_0002/L0113D.ply,gicp,0,10,0,2.31004e-15,7,96612.9,59461.6,0.985915,0.0647641,0.154198,-0.0574118,0.997013,-0.0516702,-0.157084,0.0420897,0.986688,0,0,0
Riedones3D_Registration_Benchmark/test/die_obverse_0002/L0113D.ply,icp,0,10,0.005,1.20324,20,69597.1,0,0.98647,-0.151321,-0.063083,0.154716,0.986541,0.052911,0.0542275,-0.061955,0.996605,-0.00484311,0.000517825,0.00112968
Riedones3D_Registration_Benchmark/test/die_obverse_0002/L0113D.ply,gicp,0,10,0.005,3.47428e-15,9,120415,59411,0.98647,-0.151321,-0.063083,0.154716,0.986541,0.052911,0.0542275,-0.061955,0.996605,-0.00484311,0.000517825,0.00112968
Riedones3D_Registration_Benchmark/test/die_obverse_0002/L0113D.ply,icp,0,10,0.01,0.869054,20,79875,0,0.988711,-0.0804574,-0.126402,0.0913302,0.99238,0.0827116,0.118784,-0.0933222,0.988525,-0.00400354,0.00386216,0.00830996
Riedones3D_Registration_Benchmark/test/die_obverse_0002/L0113D.ply,gicp,0,10,0.01,1.63791e-15,8,109114,59420.3,0.988711,-0.0804574,-0.126402,0.0913302,0.99238,0.0827116,0.118784,-0.0933222,0.988525,-0.00400354,0.00386216,0.00830996
Riedones3D_Registration_Benchmark/test/die_obverse_0002/L0113D.ply,icp,0,50,0,5.85594,20,95454.6,0,0.700104,-0.498347,0.511374,0.649342,0.742233,-0.165667,-0.296999,0.448041,0.843238,0,0,0
Riedones3D_Registration_Benchmark/test/die_obverse_0002/L0113D.ply,gicp,0,50,0,2.95254,20,309937,59591.6,0.700104,-0.498347,0.511374,0.649342,0.742233,-0.165667,-0.296999,0.448041,0.843238,0,0,0
Riedones3D_Registration_Benchmark/test/die_obverse_0002/L0113D.ply,icp,0,50,0.005,6.98737,20,102034,0,0.688478,0.605279,0.399543,-0.70218,0.694164,0.158362,-0.181495,-0.38958,0.902932,-0.00243062,-0.0013229,-0.00416437
Riedones3D_Registration_Benchmark/test/die_obverse_0002/L0113D.ply,gicp,0,50,0.005,6.31366,20,300852,59515.7,0.688478,0.605279,0.399543,-0.70218,0.694164,0.158362,-0.181495,-0.38958,0.902932,-0.00243062,-0.0013229,-0.00416437
Riedones3D_Registration_Benchmark/test/die_obverse_0002/L0113D.ply,icp,0,50,0.01,6.09811,20,104431,0,0.772719,0.591621,0.229979,-0.624769,0.644902,0.440187,0.11211,-0.483825,0.867954,0.00796102,0.00477251,0.00372093
Riedones3D_Registration_Benchmark/test/die_obverse_0002/L0113D.ply,gicp,0,50,0.01,4.8202,20,304187,60334.1,0.772719,0.591621,0.229979,-0.624769,0.644902,0.440187,0.11211,-0.483825,0.867954,0.00796102,0.00477251,0.00372093
Riedones3D_Registration_Benchmark/test/die_obverse_0002/L0113D.ply,icp,0,100,0,11.7355,20,189972,0,0.0642757,-0.230266,-0.971003,0.936404,0.350291,-0.0210834,0.344988,-0.907895,0.238137,0,0,0
Riedones3D_Registration_Benchmark/test/die_obverse_0002/L0113D.ply,gicp,0,100,0,22.2172,20,540081,60084.4,0.0642757,-0.230266,-0.971003,0.936404,0.350291,-0.0210834,0.344988,-0.907895,0.238137,0,0,0
Riedones3D_Registration_Benchmark/test/die_obverse_0002/L0113D.ply,icp,0,100,0.005,12.7816,20,80768.3,0,-0.126189,0.960167,-0.249309,-0.968872,-0.173249,-0.176837,-0.212986,0.219234,0.952142,-0.00113063,0.00486834,-0.000144759
Riedones3D_Registration_Benchmark/test/die_obverse_0002/L0113D.ply,gicp,0,100,0.005,11.9167,20,296245,59903.3,-0.126189,0.960167,-0.249309,-0.968872,-0.173249,-0.176837,-0.212986,0.219234,0.952142,-0.00113063,0.00486834,-0.000144759
Riedones3D_Registration_Benchmark/test/die_obverse_0002/L0113D.ply,icp,0,100,0.01,12.1648,20,178653,0,0.776373,0.502727,0.380145,-0.344224,-0.167037,0.92391,0.527973,-0.848153,0.0433677,0.00674886,0.00396101,-0.00622601
Riedones3D_Registration_Benchmark/test/die_obverse_0002/L0113D.ply,gicp,0,100,0.01,23.1806,20,515234,59812.5,0.776373,0.502727,0.380145,-0.344224,-0.167037,0.92391,0.527973,-0.848153,0.0433677,0.00674886,0.00396101,-0.00622601
Riedones3D_Registration_Benchmark/test/die_obverse_0002/L0113D.ply,icp,0.0005,10,0,0.819087,20,80271.8,0,0.986073,-0.0827122,-0.144288,0.0898876,0.994983,0.0439299,0.139931,-0.0562878,0.98856,0,0,0
Riedones3D_Registration_Benchmark/test/die_obverse_0002/L0113D.ply,gicp,0.0005,10,0,0.000865429,7,97767.6,60333.1,0.986073,-0.0827122,-0.144288,0.0898876,0.994983,0.0439299,0.139931,-0.0562878,0.98856,0,0,0
Riedones3D_Registration_Benchmark/test/die_obverse_0002/L0113D.ply,icp,0.0005,10,0.005,0.838891,20,83530.6,0,0.992778,-0.0185236,0.118527,0.0333372,0.991691,-0.124249,-0.11524,0.127303,0.985147,-0.000121906,0.00404644,0.00293453
Riedones3D_Registration_Benchmark/test/die_obverse_0002/L0113D.ply,gicp,0.0005,10,0.005,0.000864973,6,83237,59627,0.992778,-0.0185236,0.118527,0.0333372,0.991691,-0.124249,-0.11524,0.127303,0.985147,-0.000121906,0.00404644,0.00293453
Riedones3D_Registration_Benchmark/test/die_obverse_0002/L0113D.ply,icp,0.0005,10,0.01,1.31226,20,71506.1,0,0.984995,0.150649,-0.0842034,-0.152255,0.988256,-0.0129539,0.081263,0.0255799,0.996364,-0.00658439,-0.00718928,0.0022271
Riedones3D_Registration_Benchmark/test/die_obverse_0002/L0113D.ply,gicp,0.0005,10,0.01,0.0008658,9,121113,59309.6,0.984995,0.150649,-0.0842034,-0.152255,0.988256,-0.0129539,0.081263,0.0255799,0.996364,-0.00658439,-0.00718928,0.0022271
Riedones3D_Registration_Benchmark/test/die_obverse_0002/L0113D.ply,icp,0.0005,50,0,1.21759,20,113944,0,0.775236,0.12897,-0.618366,0.215237,0.866419,0.450545,0.59387,-0.482374,0.64392,0,0,0
Riedones3D_Registration_Benchmark/test/die_obverse_0002/L0113D.ply,gicp,0.0005,50,0,0.000865979,11,198687,60108.1,0.775236,0.12897,-0.618366,0.215237,0.866419,0.450545,0.59387,-0.482374,0.64392,0,0,0
Riedones3D_Registration_Benchmark/test/die_obverse_0002/L0113D.ply,icp,0.0005,50,0.005,7.2362,20,85809.6,0,0.642879,-0.756822,0.11801,0.758499,0.650472,0.0395617,-0.106704,0.0640773,0.992224,0.0028236,-0.00158945,-0.00380801
Riedones3D_Registration_Benchmark/test/die_obverse_0002/L0113D.ply,gicp,0.0005,50,0.005,6.27193,20,293346,60018.3,0.642879,-0.756822,0.11801,0.758499,0.650472,0.0395617,-0.106704,0.0640773,0.992224,0.0028236,-0.00158945,-0.00380801
Riedones3D_Registration_Benchmark/test/die_obverse_0002/L0113D.ply,icp,0.0005,50,0.01,1.18296,20,97771.2,0,0.924161,0.281755,0.257957,-0.0170598,0.705039,-0.708963,-0.381623,0.650795,0.656376,0.00737427,0.00443164,-0.00509713
Riedones3D_Registration_Benchmark/test/die_obverse_0002/L0113D.ply,gicp,0.0005,50,0.01,0.000866764,11,210670,60036.4,0.924161,0.281755,0.257957,-0.0170598,0.705039,-0.708963,-0.381623,0.650795,0.656376,0.00737427,0.00443164,-0.00509713
Riedones3D_Registration_Benchmark/test/die_obverse_0002/L0113D.ply,icp,0.0005,100,0,9.84249,20,104682,0,0.594235,0.62485,-0.506406,-0.528982,-0.170656,-0.831297,-0.605857,0.761866,0.229125,0,0,0
Riedones3D_Registration_Benchmark/test/die_obverse_0002/L0113D.ply,gicp,0.0005,100,0,8.1553,20,400167,60467,0.594235,0.62485,-0.506406,-0.528982,-0.170656,-0.831297,-0.605857,0.761866,0.229125,0,0,0
Riedones3D_Registration_Benchmark/test/die_obverse_0002/L0113D.ply,icp,0.0005,100,0.005,11.5927,20,180472,0,0.278956,0.776536,0.564956,0.313368,0.482495,-0.817924,-0.907736,0.405204,-0.108747,-0.00077196,-0.0045741,-0.00186592
Riedones3D_Registration_Benchmark/test/die_obverse_0002/L0113D.ply,gicp,0.0005,100,0.005,30.319,20,508654,60482.9,0.278956,0.776536,0.564956,0.313368,0.482495,-0.817924,-0.907736,0.405204,-0.108747,-0.00077196,-0.0045741,-0.00186592
Riedones3D_Registration_Benchmark/test/die_obverse_0002/L0113D.ply,icp,0.0005,100,0.01,11.9779,20,103824,0,0.0077434,-0.986461,0.163813,0.50547,0.145209,0.850537,-0.862809,0.0762165,0.499751,0.00585298,-0.00687504,0.00429843
Riedones3D_Registration_Benchmark/test/die_obverse_0002/L0113D.ply,gicp,0.0005,100,0.01,13.6248,20,356275,61709.3,0.0077434,-0.986461,0.163813,0.50547,0.145209,0.850537,-0.862809,0.0762165,0.499751,0.00585298,-0.00687504,0.00429843
Riedones3D_Registration_Benchmark/test/die_obverse_0002/L0113D.ply,icp,0.001,10,0,0.741282,20,81748.2,0,0.986759,0.0273327,0.159873,-0.0172631,0.997798,-0.0640383,-0.161271,0.0604304,0.985058,0,0,0
Riedones3D_Registration_Benchmark/test/die_obverse_0002/L0113D.ply,gicp,0.001,10,0,0.00173271,7,95590.3,59343.8,0.986759,0.0273327,0.159873,-0.0172631,0.997798,-0.0640383,-0.161271,0.0604304,0.985058,0,0,0
Riedones3D_Registration_Benchmark/test/die_obverse_0002/L0113D.ply,icp,0.001,10,0.005,0.82909,20,84669.3,0,0.989131,-0.0647891,-0.131995,0.0522139,0.993953,-0.0966008,0.137456,0.0886588,0.986532,-0.00158874,0.00134407,0.00454636
Riedones3D_Registration_Benchmark/test/die_obverse_0002/L0113D.ply,gicp,0.001,10,0.005,0.00173138,7,96919.5,58869,0.989131,-0.0647891,-0.131995,0.0522139,0.993953,-0.0966008,0.137456,0.0886588,0.986532,-0.00158874,0.00134407,0.00454636
Riedones3D_Registration_Benchmark/test/die_obverse_0002/L0113D.ply,icp,0.001,10,0.01,1.03585,20,80093.5,0,0.987144,-0.0734404,0.141962,0.0829973,0.994581,-0.062607,-0.136595,0.0735846,0.98789,-0.0042355,-0.00615528,-0.00664629
Riedones3D_Registration_Benchmark/test/die_obverse_0002/L0113D.ply,gicp,0.001,10,0.01,0.00173104,8,108995,59511.5,0.987144,-0.0734404,0.141962,0.0829973,0.994581,-0.062607,-0.136595,0.0735846,0.98789,-0.0042355,-0.00615528,-0.00664629
Riedones3D_Registration_Benchmark/test/die_obverse_0002/L0113D.ply,icp,0.001,50,0,2.89811,20,108511,0,0.876432,0.463393,-0.130895,-0.261559,0.686376,0.678583,0.404294,-0.560495,0.722767,0,0,0
Riedones3D_Registration_Benchmark/test/die_obverse_0002/L0113D.ply,gicp,0.001,50,0,0.00173227,17,275900,59700.6,0.876432,0.463393,-0.130895,-0.261559,0.686376,0.678583,0.404294,-0.560495,0.722767,0,0,0
Riedones3D_Registration_Benchmark/test/die_obverse_0002/L0113D.ply,icp,0.001,50,0.005,5.26828,20,101209,0,0.697463,0.665019,-0.267011,-0.527892,0.728766,0.436153,0.484639,-0.163248,0.859346,-0.00105735,0.00470019,0.00133798
Riedones3D_Registration_Benchmark/test/die_obverse_0002/L0113D.ply,gicp,0.001,50,0.005,0.645693,20,304873,59672.4,0.697463,0.665019,-0.267011,-0.527892,0.728766,0.436153,0.484639,-0.163248,0.859346,-0.00105735,0.00470019,0.00133798
Riedones3D_Registration_Benchmark/test/die_obverse_0002/L0113D.ply,icp,0.001,50,0.01,1.74563,20,110632,0,0.644851,-0.315946,-0.69595,0.265886,0.946419,-0.183289,0.71657,-0.0668491,0.694305,0.00303807,0.00731116,0.00610876
Riedones3D_Registration_Benchmark/test/die_obverse_0002/L0113D.ply,gicp,0.001,50,0.01,0.00173038,13,212535,59670.6,0.644851,-0.315946,-0.69595,0.265886,0.946419,-0.183289,0.71657,-0.0668491,0.694305,0.00303807,0.00731116,0.00610876
Riedones3D_Registration_Benchmark/test/die_obverse_0002/L0113D.ply,icp,0.001,100,0,10.3544,20,109662,0,-0.103783,0.851027,0.514763,-0.442326,0.424067,-0.790263,-0.890829,-0.309709,0.33242,0,0,0
Riedones3D_Registration_Benchmark/test/die_obverse_0002/L0113D.ply,gicp,0.001,100,0,31.2825,20,520007,59562.8,-0.103783,0.851027,0.514763,-0.442326,0.424067,-0.790263,-0.890829,-0.309709,0.33242,0,0,0
Riedones3D_Registration_Benchmark/test/die_obverse_0002/L0113D.ply,icp,0.001,100,0.005,4.96502,20,117364,0,0.46993,0.348734,0.810895,0.76124,0.304942,-0.572297,-0.446856,0.886225,-0.122169,-0.00465497,-0.00094891,-0.00155912
Riedones3D_Registration_Benchmark/test/die_obverse_0002/L0113D.ply,gicp,0.001,100,0.005,48.3332,20,526756,59627.2,0.46993,0.348734,0.810895,0.76124,0.304942,-0.572297,-0.446856,0.886225,-0.122169,-0.00465497,-0.00094891,-0.00155912
Riedones3D_Registration_Benchmark/test/die_obverse_0002/L0113D.ply,icp,0.001,100,0.01,8.37955,20,123723,0,-0.099493,-0.462787,-0.880868,0.87086,0.387753,-0.302079,0.481357,-0.797167,0.364444,-0.00659461,-0.00289666,0.00693689
Riedones3D_Registration_Benchmark/test/die_obverse_0002/L0113D.ply,gicp,0.001,100,0.01,10.9056,20,358584,59674.1,-0.099493,-0.462787,-0.880868,0.87086,0.387753,-0.302079,0.481357,-0.797167,0.364444,-0.00659461,-0.00289666,0.00693689
Riedones3D_Registration_Benchmark/test/die_obverse_0001/L0092D.ply,icp,0,10,0,0.975595,20,89823.9,0,0.996885,0.0361176,0.0701169,-0.024808,0.987455,-0.155937,-0.0748694,0.153711,0.985275,0,0,0
Riedones3D_Registration_Benchmark/test/die_obverse_0001/L0092D.ply,gicp,0,10,0,2.74436e-15,6,94772.7,67781.9,0.996885,0.0361176,0.0701169,-0.024808,0.987455,-0.155937,-0.0748694,0.153711,0.985275,0,0,0
Riedones3D_Registration_Benchmark/test/die_obverse_0001/L0092D.ply,icp,0,10,0.005,0.797994,20,85155.5,0,0.989961,-0.120063,0.0745839,0.111861,0.988072,0.105834,-0.086401,-0.0964283,0.991583,-0.000194635,-0.0014852,-0.00477036
Riedones3D_Registration_Benchmark/test/die_obverse_0001/L0092D.ply,gicp,0,10,0.005,1.26578e-12,6,93218.5,67602.4,0.989961,-0.120063,0.0745839,0.111861,0.988072,0.105834,-0.086401,-0.0964283,0.991583,-0.000194635,-0.0014852,-0.00477036
Riedones3D_Registration_Benchmark/test/die_obverse_0001/L0092D.ply,icp,0,10,0.01,0.880103,20,87575,0,0.986203,-0.088137,0.140128,0.0805884,0.995019,0.0586714,-0.144601,-0.0465692,0.988394,-0.00960581,0.00262384,0.000918634
Riedones3D_Registration_Benchmark/test/die_obverse_0001/L0092D.ply,gicp,0,10,0.01,2.55839e-15,7,108275,67872,0.986203,-0.088137,0.140128,0.0805884,0.995019,0.0586714,-0.144601,-0.0465692,0.988394,-0.00960581,0.00262384,0.000918634
Riedones3D_Registration_Benchmark/test/die_obverse_0001/L0092D.ply,icp,0,50,0,2.47321,20,118267,0,0.947846,-0.0999571,0.302649,-0.151339,0.69454,0.703357,-0.280507,-0.712477,0.643189,0,0,0
Riedones3D_Registration_Benchmark/test/die_obverse_0001/L0092D.ply,gicp,0,50,0,2.56235e-15,19,358172,68040.9,0.947846,-0.0999571,0.302649,-0.151339,0.69454,0.703357,-0.280507,-0.712477,0.643189,0,0,0
Riedones3D_Registration_Benchmark/test/die_obverse_0001/L0092D.ply,icp,0,50,0.005,4.88059,20,118701,0,0.7346,0.24435,0.632974,-0.50192,0.823436,0.264631,-0.456551,-0.5121,0.72754,-0.00408924,0.0022135,-0.00183808
Riedones3D_Registration_Benchmark/test/die_obverse_0001/L0092D.ply,gicp,0,50,0.005,4.02791,20,511530,68100.7,0.7346,0.24435,0.632974,-0.50192,0.823436,0.264631,-0.456551,-0.5121,0.72754,-0.00408924,0.0022135,-0.00183808
Riedones3D_Registration_Benchmark/test/die_obverse_0001/L0092D.ply,icp,0,50,0.01,7.40756,20,104374,0,0.650108,0.754648,0.0886859,-0.75974,0.643673,0.092084,0.0124063,-0.127243,0.991794,0.000658658,-0.00823146,0.00563997
Riedones3D_Registration_Benchmark/test/die_obverse_0001/L0092D.ply,gicp,0,50,0.01,1.09468e-14,20,322974,67844.8,0.650108,0.754648,0.0886859,-0.75974,0.643673,0.092084,0.0124063,-0.127243,0.991794,0.000658658,-0.00823146,0.00563997
Riedones3D_Registration_Benchmark/test/die_obverse_0001/L0092D.ply,icp,0,100,0,12.7455,20,191117,0,0.620895,0.751074,-0.224447,0.209665,0.116776,0.970775,0.755334,-0.649808,-0.084968,0,0,0
Riedones3D_Registration_Benchmark/test/die_obverse_0001/L0092D.ply,gicp,0,100,0,10.734,20,584148,68076,0.620895,0.751074,-0.224447,0.209665,0.116776,0.970775,0.755334,-0.649808,-0.084968,0,0,0
Riedones3D_Registration_Benchmark/test/die_obverse_0001/L0092D.ply,icp,0,100,0.005,9.8255,20,138640,0,0.598497,0.00611763,0.801102,0.800433,0.0369742,-0.59828,-0.0332801,0.999297,0.0172322,-0.00190407,-0.000109526,0.00462196
Riedones3D_Registration_Benchmark/test/die_obverse_0001/L0092D.ply,gicp,0,100,0.005,18.6746,20,590015,67825.5,0.598497,0.00611763,0.801102,0.800433,0.0369742,-0.59828,-0.0332801,0.999297,0.0172322,-0.00190407,-0.000109526,0.00462196
Riedones3D_Registration_Benchmark/test/die_obverse_0001/L0092D.ply,icp,0,100,0.01,9.98205,20,141741,0,0.89814,0.139767,-0.416906,0.431478,-0.097532,0.896836,0.0846868,-0.985369,-0.147904,0.0064254,-0.00641822,0.00418577
Riedones3D_Registration_Benchmark/test/die_obverse_0001/L0092D.ply,gicp,0,100,0.01,43.7462,20,645948,67674.4,0.89814,0.139767,-0.416906,0.431478,-0.097532,0.896836,0.0846868,-0.985369,-0.147904,0.0064254,-0.00641822,0.00418577
Riedones3D_Registration_Benchmark/test/die_obverse_0001/L0092D.ply,icp,0.0005,10,0,1.27613,20,84122.1,0,0.992746,0.119486,-0.0133464,-0.120216,0.984825,-0.125176,-0.00181292,0.125872,0.992045,0,0,0
Riedones3D_Registration_Benchmark/test/die_obverse_0001/L0092D.ply,gicp,0.0005,10,0,0.000866452,8,123140,67936,0.992746,0.119486,-0.0133464,-0.120216,0.984825,-0.125176,-0.00181292,0.125872,0.992045,0,0,0
Riedones3D_Registration_Benchmark/test/die_obverse_0001/L0092D.ply,icp,0.0005,10,0.005,1.05353,20,88255.1,0,0.984819,0.0831599,0.152369,-0.0838802,0.996474,-0.00170537,-0.151973,-0.0111012,0.988322,0.00474367,0.000932129,-0.00127623
Riedones3D_Registration_Benchmark/test/die_obverse_0001/L0092D.ply,gicp,0.0005,10,0.005,0.000866444,9,140028,67954.8,0.984819,0.0831599,0.152369,-0.0838802,0.996474,-0.00170537,-0.151973,-0.0111012,0.988322,0.00474367,0.000932129,-0.00127623
Riedones3D_Registration_Benchmark/test/die_obverse_0001/L0092D.ply,icp,0.0005,10,0.01,1.46999,20,79500.1,0,0.984886,-0.155374,0.0765437,0.156322,0.987685,-0.0065098,-0.0745895,0.0183768,0.997045,0.00617321,-0.00783672,0.000690825
Riedones3D_Registration_Benchmark/test/die_obverse_0001/L0092D.ply,gicp,0.0005,10,0.01,0.000866537,8,121370,67853.3,0.984886,-0.155374,0.0765437,0.156322,0.987685,-0.0065098,-0.0745895,0.0183768,0.997045,0.00617321,-0.00783672,0.000690825
Riedones3D_Registration_Benchmark/test/die_obverse_0001/L0092D.ply,icp,0.0005,50,0,5.23247,20,114132,0,0.710751,-0.246817,0.658722,0.484527,0.850641,-0.204069,-0.509968,0.464211,0.724183,0,0,0
Riedones3D_Registration_Benchmark/test/die_obverse_0001/L0092D.ply,gicp,0.0005,50,0,0.000866139,17,311278,68143.5,0.710751,-0.246817,0.658722,0.484527,0.850641,-0.204069,-0.509968,0.464211,0.724183,0,0,0
Riedones3D_Registration_Benchmark/test/die_obverse_0001/L0092D.ply,icp,0.0005,50,0.005,1.3444,20,114822,0,0.653294,-0.386006,-0.651311,0.277587,0.92248,-0.268285,0.70438,-0.00552681,0.709801,-0.000722787,-0.00147534,-0.00472239
Riedones3D_Registration_Benchmark/test/die_obverse_0001/L0092D.ply,gicp,0.0005,50,0.005,0.000866359,12,259977,68103.1,0.653294,-0.386006,-0.651311,0.277587,0.92248,-0.268285,0.70438,-0.00552681,0.709801,-0.000722787,-0.00147534,-0.00472239
Riedones3D_Registration_Benchmark/test/die_obverse_0001/L0092D.ply,icp,0.0005,50,0.01,4.15285,20,114235,0,0.778031,-0.150588,-0.609911,0.451054,0.809672,0.375476,0.437285,-0.567235,0.697873,0.00125108,0.00960165,0.00249862
Riedones3D_Registration_Benchmark/test/die_obverse_0001/L0092D.ply,gicp,0.0005,50,0.01,0.00086654,15,272432,68086.1,0.778031,-0.150588,-0.609911,0.451054,0.809672,0.375476,0.437285,-0.567235,0.697873,0.00125108,0.00960165,0.00249862
Riedones3D_Registration_Benchmark/test/die_obverse_0001/L0092D.ply,icp,0.0005,100,0,12.026,20,132489,0,0.263028,-0.28507,-0.921711,0.964698,0.0907891,0.247216,0.0132076,-0.954197,0.298887,0,0,0
Riedones3D_Registration_Benchmark/test/die_obverse_0001/L0092D.ply,gicp,0.0005,100,0,12.2895,20,559378,67927.3,0.263028,-0.28507,-0.921711,0.964698,0.0907891,0.247216,0.0132076,-0.954197,0.298887,0,0,0
Riedones3D_Registration_Benchmark/test/die_obverse_0001/L0092D.ply,icp,0.0005,100,0.005,11.916,20,138098,0,0.256551,0.338584,-0.905286,-0.965864,0.0550134,-0.253143,-0.0359071,0.939327,0.341139,0.00473254,-0.00158454,0.000303851
Riedones3D_Registration_Benchmark/test/die_obverse_0001/L0092D.ply,gicp,0.0005,100,0.005,12.6934,20,474572,67930.5,0.256551,0.338584,-0.905286,-0.965864,0.0550134,-0.253143,-0.0359071,0.939327,0.341139,0.00473254,-0.00158454,0.000303851
Riedones3D_Registration_Benchmark/test/die_obverse_0001/L0092D.ply,icp,0.0005,100,0.01,3.89642,20,124090,0,-0.102245,-0.523878,0.845635,-0.0170681,0.850889,0.525069,-0.994613,0.0392521,-0.0959403,-0.0085581,-0.00509112,0.000916199
Riedones3D_Registration_Benchmark/test/die_obverse_0001/L0092D.ply,gicp,0.0005,100,0.01,36.147,20,538478,67809,-0.102245,-0.523878,0.845635,-0.0170681,0.850889,0.525069,-0.994613,0.0392521,-0.0959403,-0.0085581,-0.00509112,0.000916199
Riedones3D_Registration_Benchmark/test/die_obverse_0001/L0092D.ply,icp,0.001,10,0,1.47123,20,90290.6,0,0.992679,-0.116513,0.0318246,0.119585,0.985107,-0.123542,-0.0169564,0.126444,0.991829,0,0,0
Riedones3D_Registration_Benchmark/test/die_obverse_0001/L0092D.ply,gicp,0.001,10,0,0.00173177,8,124367,67927.3,0.992679,-0.116513,0.0318246,0.119585,0.985107,-0.123542,-0.0169564,0.126444,0.991829,0,0,0
Riedones3D_Registration_Benchmark/test/die_obverse_0001/L0092D.ply,icp,0.001,10,0.005,0.931082,20,78941.1,0,0.984939,0.154482,-0.0776557,-0.153198,0.987945,0.02226,0.0801583,-0.0100281,0.996732,0.0031945,0.000141377,-0.00384385
Riedones3D_Registration_Benchmark/test/die_obverse_0001/L0092D.ply,gicp,0.001,10,0.005,0.00173188,7,106189,67814.4,0.984939,0.154482,-0.0776557,-0.153198,0.987945,0.02226,0.0801583,-0.0100281,0.996732,0.0031945,0.000141377,-0.00384385
Riedones3D_Registration_Benchmark/test/die_obverse_0001/L0092D.ply,icp,0.001,10,0.01,0.9959,20,96282,0,0.998114,0.00612215,0.0610803,-0.0159763,0.986632,0.162178,-0.0592709,-0.162848,0.984869,0.0047819,-0.000675447,-0.00875655
Riedones3D_Registration_Benchmark/test/die_obverse_0001/L0092D.ply,gicp,0.001,10,0.01,0.00173141,7,110272,67894,0.998114,0.00612215,0.0610803,-0.0159763,0.986632,0.162178,-0.0592709,-0.162848,0.984869,0.0047819,-0.000675447,-0.00875655
Riedones3D_Registration_Benchmark/test/die_obverse_0001/L0092D.ply,icp,0.001,50,0,4.76692,20,118275,0,0.714735,0.267253,0.64632,-0.503993,0.837532,0.211023,-0.484917,-0.476566,0.733307,0,0,0
Riedones3D_Registration_Benchmark/test/die_obverse_0001/L0092D.ply,gicp,0.001,50,0,11.151,20,506674,68118.3,0.714735,0.267253,0.64632,-0.503993,0.837532,0.211023,-0.484917,-0.476566,0.733307,0,0,0
Riedones3D_Registration_Benchmark/test/die_obverse_0001/L0092D.ply,icp,0.001,50,0.005,4.21425,20,121803,0,0.796677,0.0844992,-0.598469,-0.404987,0.809649,-0.424799,0.448655,0.5808,0.67925,-0.00203357,0.00255294,-0.00378776
Riedones3D_Registration_Benchmark/test/die_obverse_0001/L0092D.ply,gicp,0.001,50,0.005,0.0017318,14,263893,68093.6,0.796677,0.0844992,-0.598469,-0.404987,0.809649,-0.424799,0.448655,0.5808,0.67925,-0.00203357,0.00255294,-0.00378776
Riedones3D_Registration_Benchmark/test/die_obverse_0001/L0092D.ply,icp,0.001,50,0.01,7.36087,20,105684,0,0.667237,0.74181,0.0671718,-0.736202,0.643109,0.210754,0.11314,-0.190075,0.975229,-0.00530781,-0.00605218,-0.00593282
Riedones3D_Registration_Benchmark/test/die_obverse_0001/L0092D.ply,gicp,0.001,50,0.01,0.00173047,20,324802,67874.9,0.667237,0.74181,0.0671718,-0.736202,0.643109,0.210754,0.11314,-0.190075,0.975229,-0.00530781,-0.00605218,-0.00593282
Riedones3D_Registration_Benchmark/test/die_obverse_0001/L0092D.ply,icp,0.001,100,0,13.4399,20,191502,0,0.916959,0.231584,0.324892,-0.289866,-0.17287,0.941326,0.27416,-0.957332,-0.0913861,0,0,0
Riedones3D_Registration_Benchmark/test/die_obverse_0001/L0092D.ply,gicp,0.001,100,0,13.2752,20,512480,67964.5,0.916959,0.231584,0.324892,-0.289866,-0.17287,0.941326,0.27416,-0.957332,-0.0913861,0,0,0
Riedones3D_Registration_Benchmark/test/die_obverse_0001/L0092D.ply,icp,0.001,100,0.005,11.4861,20,190094,0,0.0954961,0.221654,0.970438,0.722789,0.654878,-0.220704,-0.684439,0.722498,-0.0976707,-0.00220716,3.28695e-06,-0.00448647
Riedones3D_Registration_Benchmark/test/die_obverse_0001/L0092D.ply,gicp,0.001,100,0.005,17.4628,20,556732,68150.9,0.0954961,0.221654,0.970438,0.722789,0.654878,-0.220704,-0.684439,0.722498,-0.0976707,-0.00220716,3.28695e-06,-0.00448647
Riedones3D_Registration_Benchmark/test/die_obverse_0001/L0092D.ply,icp,0.001,100,0.01,8.87662,20,119508,0,0.217015,-0.974103,0.0634719,0.407992,0.03144,-0.912444,0.886819,0.22391,0.404249,-0.00960687,-0.00242789,-0.00134662
Riedones3D_Registration_Benchmark/test/die_obverse_0001/L0092D.ply,gicp,0.001,100,0.01,15.6679,20,541363,67958.7,0.217015,-0.974103,0.0634719,0.407992,0.03144,-0.912444,0.886819,0.22391,0.404249,-0.00960687,-0.00242789,-0.00134662
Riedones3D_Registration_Benchmark/test/die_reverse_0004/L0040R.ply,icp,0,10,0,1.13181,20,4369.74,0,0.985202,-0.170436,0.0181446,0.17088,0.984933,-0.0266062,-0.0133365,0.029313,0.999481,0,0,0
Riedones3D_Registration_Benchmark/test/die_reverse_0004/L0040R.ply,gicp,0,10,0,3.53674e-15,7,7479.5,4864.15,0.985202,-0.170436,0.0181446,0.17088,0.984933,-0.0266062,-0.0133365,0.029313,0.999481,0,0,0
Riedones3D_Registration_Benchmark/test/die_reverse_0004/L0040R.ply,icp,0,10,0.005,1.24382,20,4609.14,0,0.984809,0.149718,0.0879586,-0.149607,0.988714,-0.00788784,-0.0881469,-0.00539122,0.996093,-0.000307014,-0.00478142,0.0014296
Riedones3D_Registration_Benchmark/test/die_reverse_0004/L0040R.ply,gicp,0,10,0.005,2.6844e-11,6,6477.76,4875.06,0.984809,0.149718,0.0879586,-0.149607,0.988714,-0.00788784,-0.0881469,-0.00539122,0.996093,-0.000307014,-0.00478142,0.0014296
Riedones3D_Registration_Benchmark/test/die_reverse_0004/L0040R.ply,icp,0,10,0.01,0.350687,20,4668.04,0,0.985979,0.0190256,0.165784,-0.010955,0.998716,-0.0494605,-0.166512,0.0469509,0.984921,-0.00693323,-0.000857813,0.00715504
Riedones3D_Registration_Benchmark/test/die_reverse_0004/L0040R.ply,gicp,0,10,0.01,3.9841e-12,5,5509.31,4855.56,0.985979,0.0190256,0.165784,-0.010955,0.998716,-0.0494605,-0.166512,0.0469509,0.984921,-0.00693323,-0.000857813,0.00715504
Riedones3D_Registration_Benchmark/test/die_reverse_0004/L0040R.ply,icp,0,50,0,4.27357,20,5279.32,0,0.668172,-0.484425,-0.564693,0.607936,0.793026,0.0390367,0.428906,-0.36938,0.824377,0,0,0
Riedones3D_Registration_Benchmark/test/die_reverse_0004/L0040R.ply,gicp,0,50,0,5.01467e-15,17,19909.2,4882.42,0.668172,-0.484425,-0.564693,0.607936,0.793026,0.0390367,0.428906,-0.36938,0.824377,0,0,0
Riedones3D_Registration_Benchmark/test/die_reverse_0004/L0040R.ply,icp,0,50,0.005,0.72623,20,5293.88,0,0.988133,0.0928196,-0.122385,-0.153306,0.645436,-0.748271,0.00953755,0.758154,0.652006,0.000922149,0.00424836,-0.00247004
Riedones3D_Registration_Benchmark/test/die_reverse_0004/L0040R.ply,gicp,0,50,0.005,5.98267e-15,15,17230.7,4871.86,0.988133,0.0928196,-0.122385,-0.153306,0.645436,-0.748271,0.00953755,0.758154,0.652006,0.000922149,0.00424836,-0.00247004
Riedones3D_Registration_Benchmark/test/die_reverse_0004/L0040R.ply,icp,0,50,0.01,6.18828,20,5685.59,0,0.659744,-0.744636,0.101267,0.709054,0.661454,0.244379,-0.248957,-0.0894235,0.964378,-0.00972537,0.0019745,-0.0012323
Riedones3D_Registration_Benchmark/test/die_reverse_0004/L0040R.ply,gicp,0,50,0.01,3.2805e-15,19,21662.3,4870.33,0.659744,-0.744636,0.101267,0.709054,0.661454,0.244379,-0.248957,-0.0894235,0.964378,-0.00972537,0.0019745,-0.0012323
Riedones3D_Registration_Benchmark/test/die_reverse_0004/L0040R.ply,icp,0,100,0,5.91321,20,6123.92,0,0.67287,-0.5586,-0.484987,0.478218,-0.17174,0.861286,-0.564406,-0.811462,0.151574,0,0,0
Riedones3D_Registration_Benchmark/test/die_reverse_0004/L0040R.ply,gicp,0,100,0,11.7905,20,25706.9,4882.2,0.67287,-0.5586,-0.484987,0.478218,-0.17174,0.861286,-0.564406,-0.811462,0.151574,0,0,0
Riedones3D_Registration_Benchmark/test/die_reverse_0004/L0040R.ply,icp,0,100,0.005,12.2288,20,6000.53,0,-0.151164,0.718918,0.678459,-0.462933,0.554944,-0.69118,-0.873409,-0.418562,0.248923,-0.00463731,-0.00154148,-0.00105793
Riedones3D_Registration_Benchmark/test/die_reverse_0004/L0040R.ply,gicp,0,100,0.005,1.49577,20,24635.8,4876,-0.151164,0.718918,0.678459,-0.462933,0.554944,-0.69118,-0.873409,-0.418562,0.248923,-0.00463731,-0.00154148,-0.00105793
Riedones3D_Registration_Benchmark/test/die_reverse_0004/L0040R.ply,icp,0,100,0.01,11.2829,20,5516.26,0,-0.0917963,0.985056,0.145733,-0.724035,0.034447,-0.688902,-0.683628,-0.168755,0.710053,-0.00147192,0.00961327,0.00232775
Riedones3D_Registration_Benchmark/test/die_reverse_0004/L0040R.ply,gicp,0,100,0.01,53.5412,20,31886.7,4881.58,-0.0917963,0.985056,0.145733,-0.724035,0.034447,-0.688902,-0.683628,-0.168755,0.710053,-0.00147192,0.00961327,0.00232775
Riedones3D_Registration_Benchmark/test/die_reverse_0004/L0040R.ply,icp,0.0005,10,0,0.330838,20,4440.32,0,0.993249,-0.0758574,-0.087762,0.0866132,0.988234,0.126063,0.0771666,-0.132813,0.988133,0,0,0
Riedones3D_Registration_Benchmark/test/die_reverse_0004/L0040R.ply,gicp,0.0005,10,0,0.000866795,5,5387,4870.1,0.993249,-0.0758574,-0.087762,0.0866132,0.988234,0.126063,0.0771666,-0.132813,0.988133,0,0,0
Riedones3D_Registration_Benchmark/test/die_reverse_0004/L0040R.ply,icp,0.0005,10,0.005,0.989437,20,4142.09,0,0.988022,-0.154121,0.0076484,0.154237,0.984809,-0.0797657,0.00476134,0.07999,0.996784,-0.00426953,0.000560145,-0.00254114
Riedones3D_Registration_Benchmark/test/die_reverse_0004/L0040R.ply,gicp,0.0005,10,0.005,0.000866725,7,7426.48,4870.22,0.988022,-0.154121,0.0076484,0.154237,0.984809,-0.0797657,0.00476134,0.07999,0.996784,-0.00426953,0.000560145,-0.00254114
Riedones3D_Registration_Benchmark/test/die_reverse_0004/L0040R.ply,icp,0.0005,10,0.01,0.169136,20,4369.93,0,0.995406,-0.0408095,-0.0866141,0.0529669,0.988294,0.143069,0.0797617,-0.147,0.985915,0.00938273,0.00187263,0.0029082
Riedones3D_Registration_Benchmark/test/die_reverse_0004/L0040R.ply,gicp,0.0005,10,0.01,0.000864651,6,6407.01,4873.5,0.995406,-0.0408095,-0.0866141,0.0529669,0.988294,0.143069,0.0797617,-0.147,0.985915,0.00938273,0.00187263,0.0029082
Riedones3D_Registration_Benchmark/test/die_reverse_0004/L0040R.ply,icp,0.0005,50,0,3.44621,20,4900,0,0.904272,0.408815,-0.123139,-0.211779,0.679906,0.702053,0.370732,-0.608768,0.701398,0,0,0
Riedones3D_Registration_Benchmark/test/die_reverse_0004/L0040R.ply,gicp,0.0005,50,0,0.000866601,12,13156.9,4885.17,0.904272,0.408815,-0.123139,-0.211779,0.679906,0.702053,0.370732,-0.608768,0.701398,0,0,0
Riedones3D_Registration_Benchmark/test/die_reverse_0004/L0040R.ply,icp,0.0005,50,0.005,6.26505,20,5231.92,0,0.668204,-0.74356,0.0249458,0.727013,0.645481,-0.234108,0.157971,0.174568,0.971891,0.00376457,5.90022e-05,0.00329006
Riedones3D_Registration_Benchmark/test/die_reverse_0004/L0040R.ply,gicp,0.0005,50,0.005,0.000863371,19,21003.6,4866.96,0.668204,-0.74356,0.0249458,0.727013,0.645481,-0.234108,0.157971,0.174568,0.971891,0.00376457,5.90022e-05,0.00329006
Riedones3D_Registration_Benchmark/test/die_reverse_0004/L0040R.ply,icp,0.0005,50,0.01,6.65273,20,5344.11,0,0.687259,0.667282,0.287071,-0.724081,0.660924,0.197196,-0.0581463,-0.343387,0.937392,0.00838223,-0.00430484,-0.00334762
Riedones3D_Registration_Benchmark/test/die_reverse_0004/L0040R.ply,gicp,0.0005,50,0.01,0.000865711,16,17880.4,4867.35,0.687259,0.667282,0.287071,-0.724081,0.660924,0.197196,-0.0581463,-0.343387,0.937392,0.00838223,-0.00430484,-0.00334762
Riedones3D_Registration_Benchmark/test/die_reverse_0004/L0040R.ply,icp,0.0005,100,0,7.45902,20,5362.05,0,0.700511,0.66393,0.26169,-0.242921,-0.122957,0.962222,0.671024,-0.737617,0.0751497,0,0,0
Riedones3D_Registration_Benchmark/test/die_reverse_0004/L0040R.ply,gicp,0.0005,100,0,0.000863979,20,22621.2,4876.43,0.700511,0.66393,0.26169,-0.242921,-0.122957,0.962222,0.671024,-0.737617,0.0751497,0,0,0
Riedones3D_Registration_Benchmark/test/die_reverse_0004/L0040R.ply,icp,0.0005,100,0.005,11.7488,20,7284.89,0,-0.173603,-0.459055,-0.871281,0.471904,0.737753,-0.48273,0.864389,-0.494964,0.0885538,-0.00295994,0.00132622,-0.00380524
Riedones3D_Registration_Benchmark/test/die_reverse_0004/L0040R.ply,gicp,0.0005,100,0.005,17.6341,20,28739.9,4878.78,-0.173603,-0.459055,-0.871281,0.471904,0.737753,-0.48273,0.864389,-0.494964,0.0885538,-0.00295994,0.00132622,-0.00380524
Riedones3D_Registration_Benchmark/test/die_reverse_0004/L0040R.ply,icp,0.0005,100,0.01,12.3232,20,5840.52,0,-0.0435404,0.492409,0.869274,0.237568,0.850245,-0.46973,-0.970395,0.186059,-0.154,-0.00286929,-0.0054595,-0.00787153
Riedones3D_Registration_Benchmark/test/die_reverse_0004/L0040R.ply,gicp,0.0005,100,0.01,0.000864281,13,15480.5,4856.71,-0.0435404,0.492409,0.869274,0.237568,0.850245,-0.46973,-0.970395,0.186059,-0.154,-0.00286929,-0.0054595,-0.00787153
Riedones3D_Registration_Benchmark/test/die_reverse_0004/L0040R.ply,icp,0.001,10,0,0.650072,20,4479.92,0,0.985546,-0.0844296,0.14687,0.0900295,0.995428,-0.0318962,-0.143506,0.0446578,0.988641,0,0,0
Riedones3D_Registration_Benchmark/test/die_reverse_0004/L0040R.ply,gicp,0.001,10,0,0.00173497,7,7602.1,4860.06,0.985546,-0.0844296,0.14687,0.0900295,0.995428,-0.0318962,-0.143506,0.0446578,0.988641,0,0,0
Riedones3D_Registration_Benchmark/test/die_reverse_0004/L0040R.ply,icp,0.001,10,0.005,0.78649,20,4143.79,0,0.988353,-0.109985,0.10517,0.118467,0.989881,-0.0781158,-0.095514,0.0896652,0.991381,-0.0049002,-0.000858139,-0.000501673
Riedones3D_Registration_Benchmark/test/die_reverse_0004/L0040R.ply,gicp,0.001,10,0.005,0.00173643,7,7502.6,4862,0.988353,-0.109985,0.10517,0.118467,0.989881,-0.0781158,-0.095514,0.0896652,0.991381,-0.0049002,-0.000858139,-0.000501673
Riedones3D_Registration_Benchmark/test/die_reverse_0004/L0040R.ply,icp,0.001,10,0.01,0.29731,20,4632.57,0,0.984808,-0.00508037,0.173572,0.00495722,0.999987,0.00114299,-0.173576,-0.000265193,0.98482,-0.00746787,0.00594997,0.00297133
Riedones3D_Registration_Benchmark/test/die_reverse_0004/L0040R.ply,gicp,0.001,10,0.01,0.00172498,6,6571.21,4874.84,0.984808,-0.00508037,0.173572,0.00495722,0.999987,0.00114299,-0.173576,-0.000265193,0.98482,-0.00746787,0.00594997,0.00297133
Riedones3D_Registration_Benchmark/test/die_reverse_0004/L0040R.ply,icp,0.001,50,0,1.58261,20,5276.05,0,0.967399,0.188603,0.169021,-0.251839,0.645867,0.720717,0.0267641,-0.739787,0.672309,0,0,0
Riedones3D_Registration_Benchmark/test/die_reverse_0004/L0040R.ply,gicp,0.001,50,0,0.00173351,7,7993.45,4874.57,0.967399,0.188603,0.169021,-0.251839,0.645867,0.720717,0.0267641,-0.739787,0.672309,0,0,0
Riedones3D_Registration_Benchmark/test/die_reverse_0004/L0040R.ply,icp,0.001,50,0.005,0.899559,20,5366.12,0,0.906941,-0.0392687,-0.419424,-0.261388,0.728339,-0.633403,0.330356,0.684091,0.650296,-0.00292443,-0.00368625,-0.00169094
Riedones3D_Registration_Benchmark/test/die_reverse_0004/L0040R.ply,gicp,0.001,50,0.005,0.00172864,12,13905.5,4875.43,0.906941,-0.0392687,-0.419424,-0.261388,0.728339,-0.633403,0.330356,0.684091,0.650296,-0.00292443,-0.00368625,-0.00169094
Riedones3D_Registration_Benchmark/test/die_reverse_0004/L0040R.ply,icp,0.001,50,0.01,2.83362,20,5981.65,0,0.710719,0.046739,0.701922,-0.317162,0.911917,0.260415,-0.627923,-0.407705,0.66294,0.00948386,-0.00251381,-0.00193316
Riedones3D_Registration_Benchmark/test/die_reverse_0004/L0040R.ply,gicp,0.001,50,0.01,0.00172432,11,13144.2,4881.69,0.710719,0.046739,0.701922,-0.317162,0.911917,0.260415,-0.627923,-0.407705,0.66294,0.00948386,-0.00251381,-0.00193316
Riedones3D_Registration_Benchmark/test/die_reverse_0004/L0040R.ply,icp,0.001,100,0,12.7925,20,5797.8,0,-0.0221726,0.821646,0.569567,-0.979244,-0.132656,0.153246,0.201471,-0.554347,0.807532,0,0,0
Riedones3D_Registration_Benchmark/test/die_reverse_0004/L0040R.ply,gicp,0.001,100,0,0.926875,20,23376,4874.44,-0.0221726,0.821646,0.569567,-0.979244,-0.132656,0.153246,0.201471,-0.554347,0.807532,0,0,0
Riedones3D_Registration_Benchmark/test/die_reverse_0004/L0040R.ply,icp,0.001,100,0.005,6.33659,20,5694.83,0,0.594701,-0.519456,-0.613593,0.63208,-0.169521,0.756133,-0.496795,-0.837513,0.227524,0.00379909,0.00315139,0.000797269
Riedones3D_Registration_Benchmark/test/die_reverse_0004/L0040R.ply,gicp,0.001,100,0.005,11.9447,20,24910.9,4896.67,0.594701,-0.519456,-0.613593,0.63208,-0.169521,0.756133,-0.496795,-0.837513,0.227524,0.00379909,0.00315139,0.000797269
Riedones3D_Registration_Benchmark/test/die_reverse_0004/L0040R.ply,icp,0.001,100,0.01,12.0153,20,6465.65,0,0.710682,-0.652165,-0.263841,0.241586,-0.125992,0.962165,-0.660733,-0.747534,0.0680139,0.00846122,-0.00392322,0.00360779
Riedones3D_Registration_Benchmark/test/die_reverse_0004/L0040R.ply,gicp,0.001,100,0.01,4.72341,20,26033.6,4881.48,0.710682,-0.652165,-0.263841,0.241586,-0.125992,0.962165,-0.660733,-0.747534,0.0680139,0.00846122,-0.00392322,0.00360779
Riedones3D_Registration_Benchmark/test/die_obverse_0010/L0155D.ply,icp,0,10,0,0.617868,20,66127.7,0,0.998442,-0.055427,-0.00644467,0.0536097,0.984868,-0.164804,0.0154818,0.164202,0.986305,0,0,0
Riedones3D_Registration_Benchmark/test/die_obverse_0010/L0155D.ply,gicp,0,10,0,4.04893e-15,7,81452.4,50435.6,0.998442,-0.055427,-0.00644467,0.0536097,0.984868,-0.164804,0.0154818,0.164202,0.986305,0,0,0
Riedones3D_Registration_Benchmark/test/die_obverse_0010/L0155D.ply,icp,0,10,0.005,0.733913,20,62668.8,0,0.992071,-0.0405248,-0.118968,0.0545701,0.991598,0.117284,0.113216,-0.122846,0.985947,-0.00326778,0.00265795,0.00269387
Riedones3D_Registration_Benchmark/test/die_obverse_0010/L0155D.ply,gicp,0,10,0.005,5.895e-11,7,85046.9,50477.3,0.992071,-0.0405248,-0.118968,0.0545701,0.991598,0.117284,0.113216,-0.122846,0.985947,-0.00326778,0.00265795,0.00269387
Riedones3D_Registration_Benchmark/test/die_obverse_0010/L0155D.ply,icp,0,10,0.01,1.24299,20,68697.6,0,0.984865,-0.15208,0.0831444,0.152963,0.988223,-0.00431539,-0.0815089,0.0169681,0.996528,0.0048996,-0.00767482,0.00413413
Riedones3D_Registration_Benchmark/test/die_obverse_0010/L0155D.ply,gicp,0,10,0.01,1.49017e-11,9,107401,50387.4,0.984865,-0.15208,0.0831444,0.152963,0.988223,-0.00431539,-0.0815089,0.0169681,0.996528,0.0048996,-0.00767482,0.00413413
Riedones3D_Registration_Benchmark/test/die_obverse_0010/L0155D.ply,icp,0,50,0,3.22997,20,103327,0,0.647172,-0.241853,-0.722963,0.315063,0.948416,-0.0352402,0.694193,-0.204973,0.689987,0,0,0
Riedones3D_Registration_Benchmark/test/die_obverse_0010/L0155D.ply,gicp,0,50,0,5.22956e-15,18,242874,50680.4,0.647172,-0.241853,-0.722963,0.315063,0.948416,-0.0352402,0.694193,-0.204973,0.689987,0,0,0
Riedones3D_Registration_Benchmark/test/die_obverse_0010/L0155D.ply,icp,0,50,0.005,4.54014,20,102774,0,0.64488,-0.477069,-0.597105,0.518425,0.847095,-0.116898,0.561573,-0.234169,0.7936,-0.00199912,0.00407672,-0.00209376
Riedones3D_Registration_Benchmark/test/die_obverse_0010/L0155D.ply,gicp,0,50,0.005,5.39439e-09,20,265470,50650.6,0.64488,-0.477069,-0.597105,0.518425,0.847095,-0.116898,0.561573,-0.234169,0.7936,-0.00199912,0.00407672,-0.00209376
Riedones3D_Registration_Benchmark/test/die_obverse_0010/L0155D.ply,icp,0,50,0.01,2.41106,20,103214,0,0.642941,-0.100756,-0.75926,0.11539,0.992737,-0.0340273,0.757174,-0.0657333,0.649897,-0.000462032,0.00260403,-0.00964394
Riedones3D_Registration_Benchmark/test/die_obverse_0010/L0155D.ply,gicp,0,50,0.01,5.04124e-13,17,230075,50611.2,0.642941,-0.100756,-0.75926,0.11539,0.992737,-0.0340273,0.757174,-0.0657